time,ax (m/s^2),ay (m/s^2),az (m/s^2),aT (m/s^2)
0.002032,0.7756,0.2175,-0.9224,1.225
0.005535,0.5569,0.1351,-0.9957,1.149
0.010221,0.2530,0.0563,-1.0355,1.067
0.015296,-0.0969,0.0001,-1.0777,1.082
0.020206,-0.2979,-0.0600,-0.9823,1.028
0.024773,-0.3703,-0.0863,-0.7812,0.869
0.030436,-0.3650,-0.0963,-0.4729,0.605
0.035123,-0.2572,-0.0910,-0.1270,0.301
0.040507,-0.1077,-0.0835,0.3086,0.337
0.044887,0.0771,-0.0700,0.7215,0.729
0.049260,0.2249,-0.0349,1.0552,1.079
0.053816,0.3113,0.0211,1.2653,1.303
0.058882,0.2765,0.0477,1.3362,1.365
0.063770,0.2371,0.1114,1.3332,1.359
0.068471,0.2018,0.1489,1.2897,1.314
0.073174,0.2120,0.1501,1.1963,1.224
0.079020,0.1942,0.1369,1.0912,1.117
0.083128,0.1921,0.1334,0.9528,0.981
0.087741,0.1513,0.1379,0.8098,0.835
0.092714,0.0625,0.1960,0.6910,0.721
0.097703,-0.0263,0.2010,0.5627,0.598
0.102389,-0.0577,0.2320,0.4466,0.507
0.107302,-0.0462,0.2227,0.3594,0.425
0.112131,0.0200,0.2188,0.2794,0.355
0.117090,0.1075,0.2370,0.2115,0.335
0.121876,0.1972,0.2655,0.1246,0.353
0.128907,0.2534,0.3160,0.0330,0.406
0.131600,0.2905,0.3502,0.0492,0.458
0.136519,0.3295,0.3728,0.1083,0.509
0.141124,0.3631,0.3883,0.1722,0.559
0.145631,0.3722,0.4133,0.2002,0.591
0.151174,0.3713,0.4093,0.2234,0.596
0.155842,0.3533,0.3691,0.2346,0.562
0.160476,0.3206,0.3883,0.2841,0.578
0.165657,0.3474,0.3616,0.3240,0.597
0.169952,0.2926,0.3605,0.3448,0.578
0.175221,0.2420,0.3539,0.3894,0.579
0.180229,0.1859,0.3467,0.4197,0.575
0.184734,0.1409,0.3338,0.4476,0.576
0.191956,0.1478,0.3248,0.4277,0.557
0.195074,0.1636,0.2841,0.4055,0.521
0.200298,0.1429,0.2571,0.3786,0.479
0.204333,0.1503,0.2510,0.3134,0.429
0.209285,0.0978,0.2157,0.2030,0.312
0.214415,0.0954,0.2281,0.1118,0.271
0.219085,0.0926,0.1949,0.0327,0.218
0.223767,0.1351,0.1857,-0.0224,0.231
0.232179,0.1916,0.1837,-0.0798,0.277
0.233562,0.2526,0.2010,-0.1203,0.345
0.238326,0.2965,0.2326,-0.1250,0.397
0.246258,0.3043,0.2714,-0.1535,0.436
0.248115,0.2904,0.3032,-0.1701,0.453
0.253112,0.2979,0.2826,-0.2009,0.457
0.257524,0.2743,0.2599,-0.2246,0.440
0.262496,0.2482,0.2568,-0.2434,0.432
0.267470,0.2078,0.2518,-0.2790,0.429
0.272240,0.1865,0.2451,-0.3312,0.452
0.277748,0.1917,0.2368,-0.3786,0.486
0.281980,0.2260,0.2675,-0.3781,0.515
0.286887,0.2700,0.2225,-0.3490,0.494
0.291629,0.3238,0.2355,-0.2937,0.496
0.296558,0.3514,0.1940,-0.2240,0.460
0.301277,0.4006,0.2103,-0.1904,0.491
0.306091,0.4214,0.1599,-0.1400,0.472
0.313555,0.4397,0.1313,-0.0802,0.466
0.321984,0.4073,0.1351,-0.0037,0.429
0.322685,0.3296,0.1175,0.0675,0.356
0.325345,0.2498,0.1164,0.1191,0.300
0.334073,0.1630,0.0912,0.1608,0.246
0.335349,0.0788,0.0445,0.1760,0.198
0.339958,0.0757,0.0193,0.1722,0.189
0.344950,0.0606,0.0011,0.1281,0.142
0.349733,0.0622,0.0064,0.1009,0.119
0.354698,0.0778,0.0280,0.0954,0.126
0.359313,0.1216,0.0515,0.0994,0.165
0.364245,0.1720,0.0839,0.0654,0.202
0.369848,0.2363,0.0990,0.0341,0.258
0.373919,0.3264,0.1349,0.0054,0.353
0.378930,0.4327,0.1726,-0.0421,0.468
0.383798,0.5504,0.1764,-0.0654,0.582
0.388610,0.6793,0.2038,-0.0269,0.710
0.394008,0.8072,0.2330,0.0090,0.840
0.398305,0.8370,0.3137,0.0635,0.896
0.403029,0.8665,0.3624,0.1698,0.954
0.407939,0.9472,0.4789,0.2824,1.098
0.413089,0.8766,0.5558,0.2825,1.076
0.417692,0.6342,0.6149,0.2781,0.926
0.422482,0.2113,0.6379,0.0934,0.678
0.429963,-0.2860,0.5476,-0.2059,0.651
0.432443,-0.6929,0.3645,-0.5430,0.953
0.437960,-0.9447,0.0664,-0.8631,1.281
0.442019,-0.9132,-0.2217,-1.1260,1.467
0.447559,-0.8895,-0.3691,-1.2588,1.585
0.451218,-0.7499,-0.4223,-1.2151,1.489
0.456316,-0.4078,-0.4563,-0.8302,1.031
0.461162,-0.0922,-0.0710,-0.6811,0.691
0.466308,-0.1121,0.2334,-0.3317,0.421
0.470989,-0.1074,0.3310,0.0552,0.352
0.475595,-0.0314,0.2467,0.2323,0.340
0.480609,0.0012,0.0932,0.2657,0.282
0.485821,0.0238,-0.0391,0.2964,0.300
0.490085,0.0527,-0.1126,0.3460,0.368
0.495184,0.0256,-0.0878,0.4355,0.445
0.500129,-0.0337,-0.0177,0.5268,0.528
0.504924,-0.1040,0.1067,0.5961,0.614
0.512932,-0.1736,0.1782,0.5534,0.607
0.515015,-0.2041,0.1903,0.4589,0.537
0.519374,-0.2170,0.1465,0.3417,0.430
0.524208,-0.1529,0.1068,0.2041,0.276
0.529218,-0.1355,0.0576,0.0606,0.159
0.533720,-0.1143,0.0682,-0.1053,0.170
0.538900,-0.1153,0.0721,-0.2319,0.269
0.543699,-0.1333,0.0865,-0.2885,0.329
0.548434,-0.1591,0.1160,-0.2759,0.339
0.553126,-0.1406,0.2010,-0.1921,0.312
0.558134,-0.1198,0.2957,-0.2537,0.408
0.563205,-0.1370,0.2604,-0.1156,0.316
0.567875,-0.2255,0.1980,0.0713,0.308
0.572777,-0.2916,0.2391,0.0976,0.389
0.577498,-0.3229,0.2758,0.0904,0.434
0.583183,-0.3079,0.2916,0.2279,0.481
0.587372,-0.3302,0.2576,0.4330,0.602
0.592025,-0.3158,0.2571,0.5629,0.695
0.596827,-0.3002,0.2397,0.5871,0.702
0.601964,-0.2715,0.2244,0.5732,0.673
0.606568,-0.2603,0.2351,0.5118,0.620
0.620196,-0.2544,0.2502,0.4579,0.581
0.621386,-0.2443,0.2911,0.3640,0.526
0.621978,-0.1871,0.3031,0.2850,0.456
0.626314,-0.0926,0.3128,0.1638,0.365
0.636430,-0.0085,0.3063,-0.0254,0.307
0.636997,0.0247,0.2912,-0.1823,0.344
0.640564,-0.0188,0.3318,-0.3142,0.457
0.650002,-0.0439,0.3328,-0.4072,0.528
0.653194,-0.1012,0.3564,-0.4568,0.588
0.654850,-0.1578,0.3548,-0.4515,0.595
0.660105,-0.2473,0.3706,-0.4153,0.609
0.664958,-0.2964,0.3584,-0.3580,0.587
0.669431,-0.3292,0.3442,-0.3272,0.578
0.674508,-0.3675,0.3493,-0.2872,0.583
0.679434,-0.4186,0.3517,-0.2142,0.587
0.684312,-0.5159,0.4036,-0.1512,0.672
0.688987,-0.5927,0.4259,-0.1147,0.739
0.693707,-0.6539,0.4356,-0.0546,0.788
0.698955,-0.6829,0.4705,-0.0306,0.830
0.703578,-0.6846,0.4806,-0.0020,0.836
0.708316,-0.7132,0.5111,-0.0162,0.878
0.713141,-0.7563,0.5073,-0.0351,0.911
0.718285,-0.7662,0.5100,-0.0703,0.923
0.723036,-0.7739,0.4980,-0.1005,0.926
0.728709,-0.7580,0.5049,-0.1589,0.925
0.734570,-0.7255,0.4738,-0.2477,0.901
0.737471,-0.6905,0.4765,-0.3500,0.909
0.752748,-0.6745,0.4964,-0.4088,0.932
0.753711,-0.6343,0.5334,-0.4576,0.947
0.754310,-0.6151,0.5163,-0.5132,0.953
0.757042,-0.5931,0.5146,-0.5161,0.940
0.761941,-0.5872,0.5185,-0.5215,0.941
0.766540,-0.5809,0.5092,-0.5126,0.927
0.771391,-0.5981,0.4937,-0.4730,0.908
0.776328,-0.6291,0.4864,-0.3815,0.882
0.781739,-0.6787,0.4511,-0.2481,0.852
0.785795,-0.7018,0.4139,-0.1348,0.826
0.792164,-0.6916,0.3791,-0.0010,0.789
0.795948,-0.6701,0.3417,0.1079,0.760
0.800454,-0.6540,0.3371,0.1994,0.762
0.805418,-0.6151,0.3200,0.2664,0.743
0.809617,-0.6007,0.3118,0.2665,0.727
0.815130,-0.5747,0.3361,0.2191,0.701
0.819936,-0.5373,0.3217,0.2101,0.661
0.824501,-0.4835,0.3400,0.1466,0.609
0.833550,-0.4301,0.3555,0.0812,0.564
0.834733,-0.3959,0.3493,0.0045,0.528
0.839221,-0.3808,0.3646,-0.0406,0.529
0.843924,-0.3512,0.3608,-0.0950,0.512
0.852330,-0.3096,0.3667,-0.1536,0.504
0.860617,-0.2465,0.3514,-0.1856,0.468
0.861296,-0.2071,0.3460,-0.1605,0.434
0.863549,-0.1844,0.3241,-0.1379,0.398
0.868114,-0.1687,0.3119,-0.0989,0.368
0.873027,-0.1622,0.2878,-0.0627,0.336
0.878532,-0.1960,0.3062,-0.0125,0.364
0.882831,-0.2528,0.3169,-0.0149,0.406
0.887577,-0.2732,0.3270,-0.0363,0.428
0.892731,-0.2715,0.3127,-0.1121,0.429
0.897366,-0.2978,0.3004,-0.1516,0.449
0.902153,-0.3021,0.2664,-0.2170,0.458
0.907050,-0.2988,0.2775,-0.2889,0.500
0.911939,-0.2924,0.2431,-0.4148,0.563
0.916692,-0.3066,0.2513,-0.5206,0.654
0.921705,-0.2654,0.2640,-0.6161,0.721
0.928560,-0.2381,0.2527,-0.7393,0.817
0.933384,-0.2363,0.2274,-0.8805,0.940
0.936175,-0.1840,0.2381,-1.0086,1.053
0.940879,-0.1529,0.2277,-1.1072,1.141
0.946278,-0.1026,0.2297,-1.2097,1.236
0.951118,-0.0665,0.2535,-1.2639,1.291
0.955550,-0.0213,0.2349,-1.2844,1.306
0.959790,0.0540,0.2193,-1.2952,1.315
0.965416,0.0665,0.2208,-1.2870,1.307
0.970500,0.0645,0.2273,-1.3097,1.331
0.975483,0.0719,0.2672,-1.3155,1.344
0.979820,0.0698,0.2473,-1.3237,1.348
0.984513,0.0702,0.2560,-1.2819,1.309
0.990157,0.0420,0.2549,-1.2287,1.256
0.994412,0.0306,0.2488,-1.2162,1.242
0.999141,-0.0617,0.2162,-1.1848,1.206
1.003863,-0.1418,0.2378,-1.1607,1.193
1.009460,-0.2551,0.2370,-1.0941,1.148
1.014490,-0.3779,0.2639,-1.0020,1.103
1.018343,-0.5052,0.2465,-0.9082,1.068
1.023589,-0.5990,0.2372,-0.8721,1.084
1.028856,-0.6809,0.2383,-0.8600,1.123
1.034726,-0.6963,0.2092,-0.8954,1.153
1.038040,-0.6957,0.2120,-0.9519,1.198
1.055399,-0.6769,0.2019,-1.0363,1.254
1.056348,-0.6399,0.1910,-1.1627,1.341
1.056839,-0.5706,0.2273,-1.3023,1.440
1.060535,-0.4714,0.2491,-1.4431,1.538
1.062235,-0.3377,0.2994,-1.5424,1.607
1.067237,-0.2195,0.3261,-1.6052,1.653
1.072199,-0.0976,0.3368,-1.6770,1.713
1.076505,-0.0337,0.3459,-1.7388,1.773
1.081654,0.0441,0.3467,-1.7454,1.780
1.086453,0.0928,0.3629,-1.6975,1.738
1.091642,0.1411,0.3683,-1.6002,1.648
1.096252,0.1628,0.3533,-1.4539,1.505
1.100820,0.1746,0.3130,-1.2685,1.318
1.106529,0.2171,0.2711,-1.0514,1.107
1.110737,0.2237,0.2390,-0.8457,0.907
1.115357,0.2588,0.2022,-0.5918,0.677
1.120206,0.2654,0.2053,-0.3471,0.483
1.127419,0.2959,0.1314,-0.0759,0.333
1.134692,0.2669,0.0829,0.1788,0.332
1.135315,0.2312,0.0332,0.3935,0.458
1.139776,0.2150,0.0130,0.5566,0.597
1.154410,0.2282,-0.0372,0.6093,0.652
1.155045,0.2564,-0.1007,0.7352,0.785
1.155322,0.2446,-0.1417,0.8554,0.901
1.159082,0.2950,-0.2337,0.9273,1.001
1.163508,0.2786,-0.2455,1.0200,1.085
1.168625,0.2484,-0.2724,1.0384,1.102
1.174040,0.1714,-0.2620,0.9784,1.027
1.178168,0.1027,-0.1954,1.0092,1.033
1.183507,-0.0050,-0.1571,1.0400,1.052
1.187897,-0.1238,-0.0504,1.1020,1.110
1.192785,-0.2918,0.0603,1.1783,1.215
1.197982,-0.4163,0.1848,1.2451,1.326
1.202751,-0.4099,0.2138,1.3046,1.384
1.207652,-0.3143,0.1028,1.4094,1.448
1.212572,-0.1778,0.0033,1.4280,1.439
1.217058,-0.0265,-0.0553,1.3818,1.383
1.221920,0.1474,-0.0701,1.3451,1.355
1.227046,0.2805,-0.0409,1.3393,1.369
1.231405,0.4501,0.0035,1.4050,1.475
1.236555,0.6665,0.0100,1.6306,1.762
1.244032,0.8203,-0.0076,1.9131,2.082
1.254670,0.8982,-0.0092,2.1474,2.328
1.255557,0.8457,0.0377,2.3744,2.521
1.256168,0.7565,0.0512,2.5796,2.689
1.265354,0.6063,0.0284,2.7441,2.810
1.266011,0.4950,-0.0337,2.8226,2.866
1.270430,0.3077,-0.1639,2.8557,2.877
1.275856,0.1130,-0.2644,2.7959,2.811
1.280162,-0.0611,-0.3354,2.7149,2.736
1.284988,-0.1701,-0.3790,2.5983,2.631
1.290898,-0.2603,-0.3901,2.4223,2.467
1.295013,-0.3275,-0.3682,2.1821,2.237
1.299738,-0.3051,-0.3512,1.8896,1.946
1.304202,-0.2320,-0.3289,1.6309,1.680
1.309298,-0.1540,-0.3176,1.4178,1.461
1.314313,-0.0095,-0.2716,1.3434,1.371
1.319010,0.1246,-0.1767,1.3430,1.360
1.326059,0.2844,-0.1264,1.3925,1.427
1.339062,0.3935,-0.0445,1.4346,1.488
1.339371,0.4593,0.0088,1.4980,1.567
1.339622,0.5607,-0.0073,1.5731,1.670
1.344888,0.6743,-0.0787,1.6051,1.743
1.347925,0.8147,-0.1479,1.5675,1.773
1.352613,0.9032,-0.2149,1.5300,1.790
1.357777,0.9018,-0.2679,1.4829,1.756
1.362323,0.8015,-0.2948,1.3808,1.624
1.366967,0.6984,-0.3719,1.2383,1.469
1.373555,0.5904,-0.4702,1.0457,1.290
1.377833,0.4755,-0.5370,0.8509,1.113
1.381883,0.3303,-0.5913,0.6802,0.960
1.389199,0.1888,-0.6306,0.4812,0.815
1.391751,0.0250,-0.6312,0.3326,0.714
1.396640,-0.1416,-0.6122,0.1556,0.647
1.401339,-0.3036,-0.5331,-0.0139,0.614
1.406758,-0.4057,-0.4657,-0.1927,0.647
1.411152,-0.4651,-0.3978,-0.3520,0.706
1.415900,-0.4366,-0.3723,-0.5492,0.794
1.420509,-0.3547,-0.3456,-0.7104,0.866
1.425687,-0.2487,-0.3054,-0.8189,0.909
1.430678,-0.0957,-0.2489,-0.8582,0.899
1.435224,0.0675,-0.2163,-0.9072,0.935
1.443149,0.1878,-0.1953,-0.8919,0.932
1.446095,0.3338,-0.2144,-0.7839,0.879
1.449032,0.5006,-0.2282,-0.6406,0.844
1.454792,0.6357,-0.2086,-0.3185,0.741
1.471835,0.7824,-0.2281,0.0699,0.818
1.472929,0.9196,-0.2088,0.4982,1.067
1.473486,1.0330,-0.1731,0.9116,1.389
1.474095,1.0603,-0.1481,1.3125,1.694
1.479006,0.9874,-0.1059,1.6556,1.931
1.483516,0.8863,-0.1070,1.9528,2.147
1.490028,0.8002,-0.1497,2.2068,2.352
1.493345,0.7029,-0.2487,2.3340,2.450
1.498089,0.5784,-0.3731,2.3512,2.450
1.503206,0.4749,-0.4294,2.2252,2.316
1.507827,0.3669,-0.4821,1.9849,2.075
1.512827,0.2761,-0.4996,1.6949,1.788
1.517609,0.2459,-0.5458,1.3912,1.515
1.526783,0.2811,-0.5698,1.0546,1.231
1.532697,0.3291,-0.5828,0.7113,0.977
1.533256,0.3928,-0.5720,0.3590,0.781
1.536994,0.4412,-0.5611,-0.0094,0.714
1.553507,0.5629,-0.5157,-0.3200,0.828
1.554473,0.7194,-0.5383,-0.6111,1.087
1.554995,0.8390,-0.5420,-0.8278,1.297
1.556338,0.9861,-0.5074,-1.0251,1.510
1.561308,1.1296,-0.4678,-1.1578,1.684
1.566044,1.1930,-0.4422,-1.2379,1.775
1.570651,1.1932,-0.4115,-1.2343,1.765
1.575873,1.1228,-0.3884,-1.1447,1.650
1.580593,1.0659,-0.3590,-0.9837,1.494
1.585320,0.9673,-0.3481,-0.8060,1.306
1.590438,0.8800,-0.3373,-0.6763,1.160
1.595159,0.7727,-0.3605,-0.5778,1.030
1.599877,0.6646,-0.3776,-0.4983,0.912
1.605966,0.5101,-0.4148,-0.4905,0.820
1.609108,0.3688,-0.4223,-0.5090,0.757
1.614687,0.2429,-0.4238,-0.5559,0.740
1.619386,0.2279,-0.4457,-0.6338,0.808
1.624202,0.2636,-0.4450,-0.7234,0.889
1.629067,0.3188,-0.4526,-0.8128,0.983
1.634065,0.3882,-0.4349,-0.9427,1.108
1.642537,0.4358,-0.3962,-1.0843,1.234
1.644231,0.4729,-0.3723,-1.1971,1.340
1.648725,0.5063,-0.3794,-1.3361,1.478
1.653040,0.5379,-0.3194,-1.3722,1.508
1.658050,0.5338,-0.2759,-1.3630,1.490
1.662997,0.4844,-0.1966,-1.2846,1.387
1.673562,0.4470,-0.1679,-1.2184,1.309
1.674055,0.4193,-0.1397,-1.1499,1.232
1.677719,0.4585,-0.1622,-1.0912,1.195
1.682322,0.5094,-0.2234,-1.0398,1.179
1.687370,0.6128,-0.2753,-1.0077,1.211
1.692005,0.7185,-0.3082,-0.9781,1.252
1.696823,0.8433,-0.2983,-0.8793,1.254
1.701623,0.9780,-0.2765,-0.7902,1.287
1.707421,1.0895,-0.2907,-0.7419,1.350
1.711306,1.2332,-0.2952,-0.7152,1.456
1.716054,1.3351,-0.3093,-0.6359,1.511
1.726035,1.3572,-0.3237,-0.5016,1.483
1.730501,1.3190,-0.3694,-0.3365,1.410
1.730911,1.2022,-0.3873,-0.1881,1.277
1.735598,1.0550,-0.4494,-0.0278,1.147
1.745640,0.9257,-0.5347,0.1014,1.074
1.746648,0.7694,-0.6360,0.1494,1.009
1.750028,0.5984,-0.6771,0.1497,0.916
1.755412,0.3986,-0.7177,0.1120,0.829
1.760180,0.2012,-0.7362,0.0292,0.764
1.764822,-0.0059,-0.7897,-0.1035,0.796
1.768976,-0.1919,-0.7986,-0.2742,0.866
1.774228,-0.3094,-0.7984,-0.5187,1.001
1.779400,-0.3590,-0.8263,-0.7198,1.153
1.784156,-0.3698,-0.8484,-0.8251,1.240
1.788720,-0.3640,-0.8332,-0.8491,1.244
1.794058,-0.3818,-0.8138,-0.8516,1.238
1.798525,-0.3797,-0.8523,-0.8304,1.249
1.804901,-0.3501,-0.8623,-0.7974,1.226
1.808290,-0.2973,-0.8798,-0.7670,1.204
1.813080,-0.2334,-0.8568,-0.6795,1.118
1.820451,-0.1535,-0.7669,-0.5731,0.970
1.823131,-0.1272,-0.6461,-0.4097,0.776
1.827586,-0.0972,-0.5376,-0.2347,0.595
1.832392,-0.0520,-0.4893,-0.0887,0.500
1.841004,-0.0110,-0.4966,0.1166,0.510
1.842899,-0.0011,-0.5525,0.3646,0.662
1.850612,-0.0302,-0.6238,0.6312,0.888
1.851900,-0.1273,-0.6564,0.9788,1.185
1.865563,-0.2546,-0.7325,1.3642,1.569
1.866652,-0.3765,-0.7764,1.7086,1.914
1.867210,-0.5213,-0.8344,1.9930,2.223
1.874617,-0.6314,-0.8782,2.1625,2.418
1.876301,-0.6518,-0.9010,2.3057,2.560
1.881096,-0.6352,-0.8912,2.3319,2.576
1.885764,-0.5507,-0.8507,2.3248,2.536
1.890741,-0.4173,-0.8482,2.2390,2.430
1.895614,-0.2252,-0.8496,2.0149,2.198
1.900421,-0.0697,-0.8347,1.7863,1.973
1.905366,0.0739,-0.8268,1.5843,1.789
1.910340,0.2206,-0.7439,1.3587,1.565
1.915110,0.2973,-0.6265,1.1308,1.326
1.919742,0.3356,-0.4644,0.9700,1.127
1.924531,0.2976,-0.2957,0.8235,0.924
1.928754,0.2001,-0.1036,0.7870,0.819
1.934248,0.1340,0.0499,0.7886,0.802
1.940813,0.0753,0.1239,0.7877,0.801
1.950684,0.0000,0.1760,0.7650,0.785
1.951304,-0.0777,0.1676,0.7519,0.774
1.967775,-0.0960,0.1251,0.7290,0.746
1.968458,-0.1200,0.0772,0.7395,0.753
1.968730,-0.1407,0.0455,0.6925,0.708
1.968972,-0.1442,0.0564,0.6479,0.666
1.972937,-0.1672,0.0908,0.6366,0.664
1.977756,-0.1529,0.1343,0.7065,0.735
1.982743,-0.0978,0.1365,0.9099,0.925
1.987546,-0.0461,0.0446,1.1847,1.186
1.992354,0.0780,-0.0151,1.4949,1.497
1.997503,0.2190,-0.1577,1.7998,1.820
2.001977,0.3072,-0.3119,2.1353,2.180
2.007005,0.3381,-0.4494,2.4847,2.548
2.012064,0.3356,-0.5610,2.8338,2.908
2.019502,0.2956,-0.6068,3.1681,3.239
2.025481,0.2476,-0.5971,3.4161,3.477
2.033989,0.1972,-0.5446,3.6808,3.726
2.034660,0.1791,-0.4905,3.8379,3.873
2.050710,0.1683,-0.4474,3.8732,3.903
2.051577,0.1828,-0.4129,3.7487,3.776
2.052156,0.2164,-0.4059,3.5338,3.564
2.052634,0.2555,-0.4020,3.2500,3.285
2.055668,0.3104,-0.3480,2.8545,2.892
2.060371,0.3359,-0.2790,2.3687,2.409
2.065090,0.3418,-0.2110,1.9027,1.945
2.070733,0.3543,-0.1691,1.3942,1.448
2.080755,0.3922,-0.1333,0.9174,1.007
2.081499,0.3762,-0.1430,0.4625,0.613
2.084600,0.3587,-0.1950,0.0628,0.413
2.088794,0.2916,-0.2382,-0.2911,0.476
2.094317,0.1652,-0.2532,-0.5302,0.610
2.099107,-0.0136,-0.2330,-0.6115,0.654
2.104063,-0.1613,-0.2210,-0.6092,0.668
2.109444,-0.2638,-0.2086,-0.5138,0.614
2.113688,-0.2978,-0.1848,-0.3445,0.491
2.119170,-0.2926,-0.1647,-0.1156,0.355
2.123246,-0.3635,-0.1018,0.0916,0.388
2.128241,-0.3936,-0.0301,0.2222,0.453
2.133155,-0.3807,-0.0006,0.3026,0.486
2.140189,-0.3325,0.0417,0.3425,0.479
2.146714,-0.3024,0.0269,0.3419,0.457
2.147506,-0.2763,0.0270,0.3127,0.418
2.160513,-0.2784,0.0394,0.2287,0.362
2.161457,-0.2589,0.0568,0.1448,0.302
2.162061,-0.2515,0.0649,0.0683,0.269
2.166847,-0.2996,0.0782,-0.0057,0.310
2.171832,-0.3292,0.0870,-0.1274,0.364
2.176635,-0.3376,0.0942,-0.2681,0.441
2.180845,-0.3225,0.1284,-0.4205,0.545
2.186971,-0.2983,0.1114,-0.5609,0.645
2.191120,-0.2721,0.0962,-0.6581,0.719
2.195839,-0.2438,0.0854,-0.7505,0.794
2.200972,-0.2201,0.0816,-0.8237,0.857
2.206697,-0.2100,0.0972,-0.8898,0.919
2.210673,-0.1964,0.1080,-0.9342,0.961
2.215379,-0.1861,0.0808,-0.9284,0.950
2.223837,-0.1552,0.0561,-0.8773,0.893
2.228886,-0.1487,0.0626,-0.8047,0.821
2.231413,-0.1541,0.0808,-0.7584,0.778
2.234550,-0.1279,0.0698,-0.7504,0.764
2.240036,-0.0720,0.1084,-0.7423,0.754
2.244417,-0.0243,0.1151,-0.6936,0.703
2.248487,-0.0203,0.1256,-0.6615,0.674
2.253871,-0.0600,0.1161,-0.6676,0.680
2.259003,-0.1407,0.1224,-0.6760,0.701
2.263632,-0.2217,0.1158,-0.7058,0.749
2.269794,-0.2626,0.0964,-0.7785,0.827
2.273956,-0.2494,0.0574,-0.8893,0.925
2.283364,-0.2518,-0.0131,-1.0095,1.040
2.284083,-0.2390,-0.0741,-1.1127,1.141
2.288194,-0.2213,-0.1085,-1.1848,1.210
2.292800,-0.2060,-0.1449,-1.2448,1.270
2.297501,-0.1171,-0.1592,-1.2617,1.277
2.303718,0.0215,-0.1683,-1.2381,1.250
2.307404,0.1666,-0.1913,-1.1953,1.222
2.312596,0.2918,-0.1950,-1.1096,1.164
2.317245,0.3803,-0.2226,-1.0049,1.097
2.321838,0.3771,-0.2458,-0.8382,0.951
2.327105,0.3108,-0.2406,-0.6860,0.791
2.331672,0.2126,-0.2411,-0.5674,0.652
2.339312,0.0660,-0.2689,-0.4871,0.560
2.346614,-0.0884,-0.3146,-0.3973,0.514
2.347113,-0.2263,-0.3374,-0.3649,0.546
2.351084,-0.3763,-0.3945,-0.3946,0.673
2.362807,-0.5497,-0.4424,-0.4696,0.848
2.363783,-0.6170,-0.5457,-0.4751,0.951
2.365631,-0.6657,-0.5630,-0.6574,1.092
2.370196,-0.8124,-0.4657,-0.7151,1.178
2.375340,-0.7554,-0.5022,-0.6914,1.141
2.380041,-0.6723,-0.5572,-0.5865,1.052
2.384772,-0.5901,-0.5924,-0.3670,0.913
2.389799,-0.5827,-0.5625,-0.2529,0.848
2.394622,-0.5998,-0.5275,-0.1484,0.812
2.399507,-0.4905,-0.5357,-0.0106,0.726
2.404564,-0.3961,-0.4918,0.1488,0.649
2.408521,-0.4288,-0.4344,0.2077,0.645
2.413865,-0.4738,-0.3828,0.2022,0.642
2.423121,-0.5381,-0.2533,0.0894,0.601
2.430035,-0.6367,-0.0504,-0.0255,0.639
2.430723,-0.7082,0.1783,-0.1305,0.742
2.433426,-0.7396,0.3185,-0.2497,0.843
2.449425,-0.6562,0.3639,-0.3162,0.814
2.450097,-0.4266,0.2867,-0.2420,0.568
2.450445,-0.1431,0.1907,-0.1038,0.260
2.452590,0.1430,0.0499,0.0480,0.159
2.457440,0.4195,-0.0878,0.2779,0.511
2.462565,0.6438,-0.1915,0.5738,0.883
2.467364,0.8139,-0.2642,0.9263,1.261
2.472080,0.8708,-0.3138,1.3616,1.646
2.477153,0.8632,-0.3410,1.8057,2.030
2.482692,0.7942,-0.4205,2.2325,2.407
2.486552,0.7460,-0.4385,2.5919,2.733
2.491600,0.6819,-0.4985,2.8483,2.971
2.496321,0.6705,-0.5648,2.9661,3.093
2.502305,0.6585,-0.6525,2.9741,3.115
2.506095,0.6735,-0.7232,2.9324,3.094
2.510923,0.7098,-0.7553,2.7908,2.977
2.516635,0.7846,-0.7556,2.5756,2.796
2.520885,0.8768,-0.7454,2.2748,2.549
2.525389,0.9504,-0.6953,1.9483,2.277
2.530089,1.0049,-0.5663,1.5816,1.958
2.538480,1.0066,-0.4412,1.1484,1.590
2.548968,0.9862,-0.3001,0.7156,1.255
2.549608,1.0125,-0.1494,0.3523,1.082
2.550138,0.9921,-0.0171,0.0346,0.993
2.560240,0.9700,0.0712,-0.2736,1.010
2.560946,0.9410,0.1185,-0.5173,1.080
2.564049,0.8923,0.1394,-0.6393,1.106
2.568277,0.8135,0.1867,-0.6398,1.052
2.573726,0.7759,0.2145,-0.5547,0.978
2.578956,0.7980,0.1819,-0.4294,0.924
2.583434,0.8028,0.1339,-0.2257,0.845
2.587982,0.7922,0.0820,0.0540,0.798
2.593413,0.7392,0.0469,0.3858,0.835
2.598172,0.6053,-0.0053,0.7337,0.951
2.602965,0.4742,-0.0826,1.0669,1.170
2.607905,0.3481,-0.1165,1.4165,1.463
2.615608,0.2199,-0.1890,1.8063,1.829
2.621380,0.1348,-0.2700,2.1719,2.193
2.628683,0.0812,-0.3458,2.4609,2.486
2.629535,0.0236,-0.3716,2.6397,2.666
2.633195,-0.0185,-0.3935,2.7517,2.780
2.640946,-0.0567,-0.4212,2.7755,2.808
2.641753,-0.0547,-0.4192,2.7158,2.749
2.646270,-0.0024,-0.4257,2.5752,2.610
2.651351,0.1030,-0.4188,2.3467,2.386
2.656448,0.2233,-0.4126,2.0780,2.130
2.660903,0.3323,-0.4161,1.7573,1.836
2.665915,0.4798,-0.3948,1.4012,1.533
2.670731,0.5865,-0.3719,1.0647,1.271
2.675718,0.7284,-0.3963,0.7454,1.115
2.680511,0.8217,-0.3599,0.4622,1.009
2.689998,0.8783,-0.3647,0.2557,0.985
2.690674,0.9025,-0.3553,0.1831,0.987
2.694897,0.8896,-0.3988,0.1870,0.993
2.699631,0.8019,-0.3638,0.2170,0.907
2.704517,0.6733,-0.3464,0.2852,0.809
2.709351,0.5567,-0.3235,0.4153,0.766
2.714227,0.4331,-0.3409,0.5956,0.811
2.718967,0.2452,-0.3109,0.7684,0.864
2.724137,0.0699,-0.2867,0.9029,0.950
2.728131,-0.0395,-0.2618,0.9514,0.987
2.733878,-0.1542,-0.2438,0.9545,0.997
2.738998,-0.2070,-0.2284,0.8885,0.940
2.743413,-0.1547,-0.2227,0.7606,0.807
2.748072,-0.0954,-0.2430,0.5518,0.610
2.753079,-0.0032,-0.1861,0.2717,0.329
2.757832,0.0260,-0.1281,-0.0008,0.131
2.764882,0.1068,-0.0446,-0.2561,0.281
2.767713,0.1768,0.0478,-0.4848,0.518
2.772591,0.3334,0.0922,-0.6820,0.765
2.777274,0.4996,0.0746,-0.8407,0.981
2.782191,0.6632,0.0527,-1.0064,1.206
2.787187,0.7975,0.0171,-1.1767,1.422
2.791916,0.8788,0.0088,-1.3325,1.596
2.796801,0.8923,0.0562,-1.3902,1.653
2.801503,0.8544,0.0853,-1.4120,1.653
2.806537,0.7747,0.0933,-1.3860,1.591
2.811502,0.7414,0.1588,-1.3172,1.520
2.816250,0.6592,0.1666,-1.2627,1.434
2.821463,0.6334,0.2022,-1.2132,1.383
2.828484,0.6185,0.2032,-1.1422,1.315
2.830088,0.6196,0.1814,-1.1095,1.284
2.843832,0.5626,0.1749,-1.1055,1.253
2.844917,0.4973,0.1384,-1.0991,1.214
2.845404,0.4045,0.0818,-1.0760,1.152
2.849998,0.2648,0.0123,-0.9884,1.023
2.854983,0.1427,-0.0056,-0.9106,0.922
2.859704,0.0790,-0.0606,-0.8520,0.858
2.864625,0.1264,-0.1334,-0.7623,0.784
2.869678,0.1654,-0.2123,-0.6561,0.709
2.874317,0.2511,-0.2806,-0.5834,0.694
2.879205,0.2999,-0.2832,-0.5346,0.675
2.885437,0.3239,-0.2490,-0.4835,0.633
2.889224,0.3352,-0.2376,-0.4252,0.591
2.893431,0.3413,-0.2038,-0.4123,0.573
2.898566,0.4116,-0.1905,-0.4112,0.612
2.904480,0.4264,-0.1954,-0.4292,0.636
2.908348,0.4622,-0.1968,-0.4661,0.685
2.912979,0.5069,-0.2303,-0.5221,0.763
2.921206,0.5459,-0.2457,-0.5659,0.824
2.924180,0.5697,-0.2521,-0.6573,0.906
2.928076,0.5857,-0.2351,-0.7414,0.974
2.933637,0.6034,-0.2254,-0.8539,1.070
2.937139,0.6349,-0.1750,-0.8970,1.113
2.942161,0.6491,-0.1080,-0.9471,1.153
2.946915,0.6698,-0.0981,-0.9374,1.156
2.951671,0.7497,-0.0901,-0.9515,1.215
2.956900,0.7956,-0.1364,-0.9058,1.213
2.961431,0.8078,-0.1436,-0.8076,1.151
2.966507,0.7865,-0.1838,-0.6736,1.052
2.971954,0.7296,-0.1833,-0.4943,0.900
2.975879,0.6896,-0.1832,-0.2889,0.770
2.980847,0.6406,-0.2389,-0.1050,0.692
2.986341,0.6068,-0.3005,0.0120,0.677
2.990661,0.5594,-0.3752,0.0669,0.677
2.995162,0.5176,-0.4364,0.1123,0.686
3.000291,0.5461,-0.5175,0.1292,0.763
3.005329,0.5424,-0.5538,0.1009,0.782
3.009590,0.4590,-0.5427,0.0990,0.718
3.015089,0.3130,-0.4484,0.0853,0.554
3.019582,0.1048,-0.3331,0.0311,0.351
3.024562,-0.1150,-0.2060,-0.0802,0.249
3.029450,-0.2342,-0.1500,-0.2010,0.343
3.036804,-0.3420,-0.1690,-0.3098,0.491
3.042520,-0.4054,-0.2214,-0.3852,0.601
3.044169,-0.4250,-0.3184,-0.4418,0.691
3.048177,-0.3747,-0.4499,-0.4748,0.754
3.054450,-0.2501,-0.5390,-0.3817,0.706
3.058468,-0.2043,-0.6028,-0.1815,0.662
3.063298,-0.1508,-0.6368,0.0513,0.656
3.068125,-0.0896,-0.6773,0.2620,0.732
3.073086,-0.0206,-0.7105,0.5174,0.879
3.077605,0.0681,-0.7561,0.8273,1.123
3.083217,0.0476,-0.7362,1.1319,1.351
3.087568,-0.0484,-0.7067,1.4289,1.595
3.097617,-0.1384,-0.7212,1.6946,1.847
3.098230,-0.2082,-0.7182,1.9077,2.049
3.102725,-0.2841,-0.7439,2.0371,2.187
3.106910,-0.3422,-0.7244,2.0808,2.230
3.111561,-0.4520,-0.6815,1.9742,2.137
3.116550,-0.6299,-0.5624,1.6938,1.893
3.121484,-0.7824,-0.3523,1.3375,1.589
3.126148,-0.8624,-0.1223,1.0344,1.352
3.131119,-0.8089,0.0211,0.7558,1.107
3.136537,-0.6021,0.0913,0.5586,0.826
3.141354,-0.3128,-0.0105,0.4162,0.521
3.145634,0.0222,-0.1874,0.3355,0.385
3.151225,0.3405,-0.3406,0.3642,0.604
3.155249,0.6160,-0.4103,0.5188,0.904
3.160119,0.7918,-0.4446,0.8183,1.222
3.165868,0.9648,-0.3966,1.2412,1.621
3.169703,1.0665,-0.3035,1.7254,2.051
3.174845,1.0663,-0.1975,2.2447,2.493
3.179789,0.9284,-0.1441,2.7633,2.919
3.184527,0.6866,-0.0988,3.2289,3.303
3.189340,0.3797,-0.0049,3.5054,3.526
3.194075,-0.0034,0.0367,3.6001,3.600
3.199105,-0.3354,0.0331,3.5900,3.606
3.203746,-0.6158,0.0059,3.4893,3.543
3.207922,-0.8637,-0.0401,3.3772,3.486
3.213425,-1.0647,-0.0760,3.2176,3.390
3.218525,-1.1662,-0.0991,3.0083,3.228
3.223208,-1.2086,-0.0518,2.7134,2.971
3.227937,-1.1848,-0.0054,2.3856,2.664
3.235479,-1.1854,0.0885,1.9626,2.294
3.242148,-1.1675,0.1825,1.5448,1.945
3.242856,-1.1025,0.2725,1.1514,1.617
3.263916,-0.9502,0.3257,0.7725,1.267
3.264870,-0.7706,0.3524,0.3795,0.928
3.265390,-0.5639,0.3820,-0.0062,0.681
3.265891,-0.3256,0.4078,-0.3250,0.615
3.267973,-0.1208,0.4306,-0.5245,0.689
3.271769,0.0141,0.4146,-0.5952,0.726
3.276615,0.0022,0.4387,-0.5516,0.705
3.282236,-0.0702,0.3920,-0.4368,0.591
3.286074,-0.1574,0.3862,-0.2818,0.503
3.291122,-0.2592,0.3439,-0.1199,0.447
3.298534,-0.3396,0.2761,0.0967,0.448
3.301233,-0.4802,0.1989,0.3394,0.621
3.305821,-0.6523,0.1356,0.5940,0.893
3.309899,-0.8149,0.0591,0.7504,1.109
3.315336,-0.9747,0.0166,0.8568,1.298
3.320216,-1.0547,-0.0400,0.9681,1.432
3.324882,-1.0761,-0.0899,1.0819,1.529
3.329715,-1.0770,-0.1763,1.1721,1.602
3.335056,-1.0211,-0.2037,1.1670,1.564
3.339505,-0.8893,-0.2581,1.0426,1.394
3.344337,-0.7104,-0.2483,0.7968,1.096
3.361002,-0.5111,-0.2260,0.5276,0.769
3.361638,-0.3396,-0.1927,0.2015,0.439
3.361895,-0.2656,-0.0855,-0.1170,0.303
3.364052,-0.2031,0.0220,-0.4041,0.453
3.367972,-0.1809,0.1373,-0.6885,0.725
3.374535,-0.1610,0.1767,-0.8698,0.902
3.378234,-0.1267,0.2288,-1.0103,1.044
3.382963,-0.1260,0.1978,-1.1436,1.167
3.387891,-0.1114,0.2416,-1.2193,1.248
3.393249,-0.1237,0.2068,-1.2711,1.294
3.398194,-0.1415,0.2011,-1.2894,1.313
3.402016,-0.1603,0.2031,-1.3173,1.342
3.407511,-0.1825,0.1624,-1.3188,1.341
3.413056,-0.1914,0.1198,-1.3491,1.368
3.417241,-0.1773,0.0755,-1.3722,1.386
3.421978,-0.1687,0.0582,-1.3619,1.374
3.426637,-0.1990,0.0749,-1.2966,1.314
3.434500,-0.2392,0.1061,-1.1526,1.182
3.436542,-0.2794,0.1419,-1.0446,1.091
3.441374,-0.2690,0.1652,-0.9319,0.984
3.446021,-0.2438,0.1375,-0.8622,0.907
3.456752,-0.1679,0.1113,-0.7448,0.772
3.457589,-0.0941,0.1343,-0.6608,0.681
3.460445,-0.0723,0.1704,-0.6486,0.674
3.465529,-0.0285,0.1884,-0.6577,0.685
3.470824,-0.0367,0.2124,-0.6739,0.708
3.475049,-0.0231,0.2161,-0.6566,0.692
3.481351,-0.0047,0.1947,-0.6582,0.686
3.484753,0.0180,0.1387,-0.6598,0.675
3.489839,0.0309,0.0937,-0.7115,0.718
3.494670,0.0241,0.0740,-0.7751,0.779
3.503514,-0.0073,0.0533,-0.8504,0.852
3.504350,-0.0730,0.0219,-0.8777,0.881
3.509185,-0.1398,-0.0105,-0.8930,0.904
3.514806,-0.1816,-0.0394,-0.8915,0.911
3.520117,-0.2676,-0.0672,-0.8875,0.929
3.523644,-0.3382,-0.0393,-0.8285,0.896
3.527894,-0.3885,-0.0683,-0.8124,0.903
3.534436,-0.3992,-0.0657,-0.7962,0.893
3.538471,-0.3557,-0.0887,-0.8611,0.936
3.542913,-0.2628,-0.0936,-0.9545,0.994
3.552529,-0.1755,-0.1327,-1.0286,1.052
3.553066,-0.1225,-0.1076,-1.0739,1.086
3.557277,-0.0868,-0.0706,-1.1047,1.110
3.562292,-0.0014,-0.1123,-1.0902,1.096
3.567303,0.1361,-0.1345,-1.0087,1.027
3.571882,0.3810,-0.1967,-0.8389,0.942
3.576684,0.6160,-0.2395,-0.6000,0.893
3.581820,0.7909,-0.3133,-0.2993,0.902
3.587055,0.8391,-0.3490,-0.0275,0.909
3.591330,0.7462,-0.3543,0.2607,0.866
3.597510,0.4742,-0.4279,0.5273,0.828
3.601522,0.0786,-0.3980,0.6933,0.803
3.605722,-0.4333,-0.2914,0.7782,0.937
3.611299,-0.9010,-0.1705,0.8322,1.238
3.615544,-1.3273,-0.0544,0.8219,1.562
3.620461,-1.5909,-0.0002,0.7904,1.776
3.625461,-1.6372,0.0095,0.6898,1.777
3.633492,-1.6128,-0.0146,0.5059,1.690
3.636539,-1.4369,-0.0740,0.3915,1.491
3.639954,-1.1695,-0.1411,0.2437,1.203
3.644691,-0.8298,-0.2415,0.1198,0.872
3.650005,-0.4886,-0.3551,0.0363,0.605
3.654566,-0.2123,-0.3764,-0.0475,0.435
3.659264,0.0167,-0.3434,-0.0792,0.353
3.664071,0.2941,-0.3251,0.0272,0.439
3.669224,0.6316,-0.2930,0.2453,0.738
3.673582,0.9313,-0.2547,0.4912,1.083
3.678820,1.1271,-0.2111,0.7461,1.368
3.683858,1.2099,-0.1180,1.1294,1.659
3.687665,1.2356,-0.0127,1.5456,1.979
3.693161,1.1569,0.0747,1.9232,2.246
3.698083,1.0649,0.1715,2.1930,2.444
3.704179,0.9619,0.1960,2.3720,2.567
3.709807,0.8570,0.2073,2.3960,2.553
3.722855,0.7140,0.2559,2.2052,2.332
3.723452,0.5180,0.3088,1.8573,1.953
3.723662,0.3232,0.3809,1.4935,1.575
3.727384,0.2102,0.4708,1.1016,1.216
3.731871,0.2475,0.4480,0.6936,0.862
3.737029,0.4056,0.4141,0.3506,0.677
3.741720,0.6045,0.3607,0.0770,0.708
3.746116,0.7953,0.2413,-0.1154,0.839
3.751128,1.0133,0.1241,-0.2986,1.064
3.756083,1.2028,-0.0325,-0.4035,1.269
3.760708,1.2753,-0.1558,-0.4233,1.353
3.765630,1.2674,-0.2454,-0.3676,1.342
3.770834,1.1900,-0.2607,-0.2030,1.235
3.775300,1.0015,-0.2434,0.2164,1.053
3.780502,0.7555,-0.1879,0.8235,1.133
3.785349,0.4148,-0.1583,1.4128,1.481
3.789988,0.0085,-0.1419,2.0326,2.038
3.795115,-0.3750,-0.1999,2.6947,2.728
3.800010,-0.7184,-0.2596,3.2321,3.321
3.804792,-0.9493,-0.3653,3.5949,3.736
3.809049,-1.0764,-0.4795,3.7593,3.940
3.814348,-1.1110,-0.5979,3.7305,3.938
3.819317,-1.0360,-0.7061,3.5373,3.753
3.824043,-0.8778,-0.7653,3.2658,3.467
3.832324,-0.6940,-0.7487,2.9329,3.105
3.833590,-0.5186,-0.6724,2.5815,2.718
3.838607,-0.2712,-0.5624,2.2714,2.356
3.843249,0.0206,-0.4994,1.9786,2.041
3.854164,0.3341,-0.4305,1.7294,1.813
3.854963,0.6295,-0.4488,1.5069,1.694
3.857997,0.8625,-0.5271,1.3182,1.661
3.862644,0.9751,-0.5765,1.1154,1.590
3.867926,0.9449,-0.6445,0.9559,1.491
3.872381,0.7910,-0.6612,0.8059,1.309
3.877406,0.5588,-0.6504,0.6943,1.103
3.882259,0.2917,-0.6290,0.6019,0.918
3.887181,0.0570,-0.5998,0.5620,0.824
3.892151,-0.1496,-0.6086,0.5986,0.867
3.896840,-0.3400,-0.6079,0.6352,0.943
3.902623,-0.4800,-0.5864,0.6383,0.991
3.910780,-0.5283,-0.5206,0.6105,0.961
3.911394,-0.5348,-0.4897,0.6188,0.953
3.918514,-0.4944,-0.4368,0.6176,0.904
3.920722,-0.3921,-0.4243,0.5665,0.809
3.925565,-0.2275,-0.4163,0.5085,0.695
3.931054,-0.0904,-0.4275,0.3767,0.577
3.938588,0.1250,-0.4362,0.1855,0.490
3.940128,0.3500,-0.4254,-0.0459,0.553
3.949629,0.5396,-0.4116,-0.2888,0.738
3.950500,0.6745,-0.4039,-0.5266,0.946
3.955380,0.7616,-0.3870,-0.7616,1.145
3.959620,0.7383,-0.3440,-1.0155,1.302
3.964516,0.6613,-0.2596,-1.2165,1.409
3.969153,0.6212,-0.1768,-1.3887,1.532
3.974253,0.5652,-0.1310,-1.5393,1.645
3.979096,0.5435,-0.0816,-1.6635,1.752
3.983748,0.5155,-0.0693,-1.7280,1.805
3.988643,0.4980,-0.0606,-1.7566,1.827
3.993388,0.4238,-0.1131,-1.8021,1.855
3.998287,0.3909,-0.1383,-1.8427,1.889
4.003354,0.3413,-0.1960,-1.8309,1.873
4.007498,0.2941,-0.2312,-1.8335,1.871
4.015009,0.1918,-0.2345,-1.8098,1.835
4.018057,0.0896,-0.2276,-1.7982,1.815
4.024275,0.0042,-0.2157,-1.7699,1.783
4.031496,-0.0572,-0.2371,-1.7297,1.747
4.033575,-0.0875,-0.2562,-1.6871,1.709
4.037002,-0.0841,-0.2828,-1.6541,1.680
4.048926,-0.0830,-0.2860,-1.6307,1.658
4.049343,-0.1084,-0.2541,-1.6001,1.624
4.055722,-0.0504,-0.2660,-1.5502,1.574
4.056414,0.0354,-0.2570,-1.5411,1.563
4.062326,0.1584,-0.2798,-1.5390,1.572
4.066585,0.2509,-0.2956,-1.4772,1.527
4.071110,0.3319,-0.3329,-1.4058,1.482
4.075885,0.3797,-0.3441,-1.3155,1.412
4.080605,0.4111,-0.3554,-1.2132,1.329
4.085388,0.4096,-0.3719,-1.1159,1.245
4.090262,0.4186,-0.3387,-1.0329,1.165
4.094878,0.4192,-0.3372,-0.9643,1.104
4.099909,0.4139,-0.3342,-0.8742,1.023
4.104886,0.4050,-0.3271,-0.7435,0.908
4.112210,0.3757,-0.3188,-0.6319,0.801
4.114839,0.3791,-0.3334,-0.5466,0.744
4.119758,0.3607,-0.3446,-0.4923,0.701
4.124367,0.3327,-0.3672,-0.4689,0.682
4.131473,0.2857,-0.3604,-0.4478,0.642
4.134218,0.2318,-0.4079,-0.4623,0.659
4.138921,0.1636,-0.4042,-0.4766,0.646
4.144255,0.1386,-0.4423,-0.5266,0.702
4.148760,0.0899,-0.4574,-0.6337,0.787
4.153392,0.1060,-0.4446,-0.6879,0.826
4.158175,0.1725,-0.4466,-0.7325,0.875
4.163196,0.2587,-0.4894,-0.8176,0.987
4.167717,0.4149,-0.4867,-0.8858,1.093
4.172760,0.5482,-0.4814,-0.9682,1.212
4.178123,0.6825,-0.4348,-1.0196,1.302
4.182487,0.7727,-0.3898,-1.0231,1.340
4.187364,0.8522,-0.3294,-1.0101,1.362
4.192317,0.8971,-0.2606,-0.9519,1.334
4.197305,0.8815,-0.1928,-0.8916,1.269
4.201896,0.8056,-0.1022,-0.8411,1.169
4.207079,0.7053,0.0041,-0.7717,1.045
4.211715,0.5611,0.1071,-0.6358,0.855
4.216043,0.4297,0.1638,-0.4620,0.652
4.221445,0.3294,0.1552,-0.2242,0.428
4.226310,0.3285,0.1075,0.0276,0.347
4.230974,0.4027,-0.0724,0.2956,0.505
4.237636,0.5160,-0.2389,0.5034,0.759
4.240615,0.6160,-0.4088,0.6749,1.001
4.253057,0.7601,-0.5058,0.8892,1.274
4.253636,0.8172,-0.5231,1.0649,1.441
4.255107,0.8234,-0.4609,1.2571,1.572
4.260013,0.7358,-0.3531,1.4394,1.655
4.265029,0.5855,-0.2646,1.6311,1.753
4.269689,0.4895,-0.2006,1.8179,1.893
4.274475,0.3952,-0.2045,2.0261,2.074
4.279469,0.3337,-0.2649,2.2128,2.253
4.284356,0.3053,-0.3675,2.3373,2.386
4.289189,0.2652,-0.4695,2.3998,2.460
4.297200,0.2352,-0.5470,2.4218,2.494
4.298975,0.1251,-0.6073,2.3867,2.466
4.303653,-0.0310,-0.5543,2.2419,2.310
4.308332,-0.2731,-0.3877,2.0065,2.062
4.313042,-0.5485,-0.1810,1.7211,1.815
4.317954,-0.7474,0.0858,1.4503,1.634
4.322958,-0.9112,0.3346,1.1653,1.517
4.329786,-0.9068,0.4705,0.9161,1.372
4.334522,-0.8329,0.4897,0.7577,1.228
4.337500,-0.6781,0.4955,0.6086,1.037
4.342223,-0.4856,0.4235,0.4902,0.810
4.348641,-0.2485,0.3696,0.4504,0.633
4.352203,0.0254,0.2622,0.5392,0.600
4.356795,0.1991,0.1612,0.7231,0.767
4.361803,0.2670,0.0782,0.9661,1.005
4.366857,0.2167,0.0319,1.3448,1.362
4.371432,0.1005,0.0187,1.8209,1.824
4.377310,-0.0433,-0.0176,2.3563,2.357
4.381381,-0.2285,-0.0761,2.8818,2.892
4.386012,-0.3811,-0.1198,3.3641,3.388
4.390860,-0.5530,-0.1930,3.8034,3.848
4.395731,-0.6763,-0.2061,4.0827,4.144
4.400730,-0.7735,-0.1883,4.1473,4.223
4.405291,-0.8123,-0.1685,4.0643,4.148
4.410741,-0.8135,-0.1320,3.8122,3.900
4.415553,-0.7214,-0.1285,3.4056,3.484
4.420294,-0.5885,-0.0968,2.8944,2.955
4.425029,-0.4221,-0.0881,2.3554,2.394
4.429695,-0.2299,-0.0315,1.8527,1.867
4.434739,-0.0935,0.0240,1.3838,1.387
4.439227,0.0013,0.1294,0.9630,0.972
4.446538,0.0598,0.2209,0.5924,0.635
4.452749,0.1371,0.2726,0.2672,0.406
4.454557,0.1832,0.2611,0.0468,0.322
4.470339,0.1716,0.2440,-0.1045,0.316
4.471725,0.0783,0.2382,-0.1846,0.311
4.472001,-0.0181,0.2481,-0.1672,0.300
4.473553,-0.1655,0.2945,-0.0379,0.340
4.478284,-0.2898,0.3455,0.1125,0.465
4.483108,-0.3483,0.3520,0.3318,0.596
4.486999,-0.3815,0.3777,0.5412,0.762
4.493570,-0.4016,0.3521,0.7074,0.886
4.497542,-0.4231,0.3393,0.8139,0.978
4.502265,-0.4484,0.3197,0.8224,0.990
4.507340,-0.4826,0.3243,0.7571,0.955
4.512134,-0.5185,0.3291,0.6610,0.902
4.523184,-0.5182,0.3318,0.5652,0.836
4.523804,-0.5036,0.3182,0.4363,0.738
4.529829,-0.4769,0.2980,0.2839,0.630
4.532121,-0.4501,0.2883,0.0649,0.538
4.536367,-0.4015,0.2799,-0.1298,0.506
4.541187,-0.3504,0.2850,-0.3266,0.557
4.554081,-0.2799,0.2702,-0.4848,0.622
4.555247,-0.2285,0.2956,-0.6523,0.752
4.555935,-0.2368,0.3015,-0.8291,0.913
4.560351,-0.2356,0.2666,-0.9794,1.042
4.565860,-0.1989,0.2533,-1.1175,1.163
4.570426,-0.2033,0.2328,-1.2100,1.249
4.577306,-0.2345,0.2339,-1.3238,1.365
4.580245,-0.2591,0.2231,-1.3944,1.436
4.585046,-0.2556,0.2100,-1.4697,1.507
4.589675,-0.2718,0.1704,-1.5329,1.566
4.594914,-0.3125,0.1713,-1.5673,1.607
4.599307,-0.3249,0.1910,-1.6064,1.650
4.603994,-0.3615,0.2031,-1.6335,1.685
4.609746,-0.4199,0.2099,-1.6436,1.709
4.614237,-0.4331,0.2184,-1.6800,1.749
4.618833,-0.4632,0.2168,-1.7211,1.795
4.623062,-0.4914,0.2004,-1.7214,1.801
4.628520,-0.5226,0.1744,-1.7432,1.828
4.633288,-0.5640,0.1531,-1.7673,1.861
4.640493,-0.5677,0.1226,-1.7770,1.870
4.646093,-0.5864,0.1186,-1.7509,1.850
4.647192,-0.5936,0.1007,-1.6675,1.773
4.652856,-0.5681,0.0780,-1.5172,1.622
4.657419,-0.5578,0.0385,-1.3312,1.444
4.670722,-0.5387,-0.0206,-1.1622,1.281
4.671486,-0.4534,-0.0589,-1.0147,1.113
4.672211,-0.3590,-0.1124,-0.8745,0.952
4.676610,-0.3009,-0.1693,-0.7583,0.833
4.681597,-0.2409,-0.1794,-0.6755,0.739
4.686502,-0.1693,-0.2310,-0.6262,0.689
4.692710,-0.1173,-0.2738,-0.5936,0.664
4.696066,-0.1039,-0.3027,-0.5801,0.663
4.701161,-0.0956,-0.3273,-0.5450,0.643
4.705801,-0.0661,-0.3379,-0.4621,0.576
4.711024,-0.0701,-0.3921,-0.4032,0.567
4.715760,-0.1147,-0.4110,-0.3132,0.529
4.725473,-0.1564,-0.4690,-0.2064,0.536
4.726193,-0.2096,-0.5209,-0.0662,0.565
4.732204,-0.2214,-0.6313,0.0404,0.670
4.734888,-0.2229,-0.7238,0.1567,0.773
4.739571,-0.2503,-0.8364,0.2084,0.898
4.749960,-0.3011,-0.9140,0.2697,0.999
4.750888,-0.3608,-0.9875,0.3263,1.101
4.754294,-0.4007,-0.9731,0.3399,1.106
4.759395,-0.4182,-0.9092,0.3678,1.066
4.764027,-0.4633,-0.7622,0.3958,0.976
4.768961,-0.4789,-0.5842,0.3999,0.855
4.773875,-0.4583,-0.4083,0.4231,0.745
4.778530,-0.2874,-0.2771,0.5369,0.669
4.783403,-0.0150,-0.1518,0.6219,0.640
4.788419,0.3251,-0.1582,0.7423,0.826
4.793012,0.6610,-0.1497,0.8073,1.054
4.798086,0.9187,-0.1141,0.9291,1.312
4.802956,1.1423,-0.0277,1.0576,1.557
4.808610,1.3013,0.1160,1.2979,1.842
4.812507,1.4078,0.2947,1.6835,2.214
4.817451,1.4168,0.4479,2.0565,2.537
4.822223,1.3986,0.5272,2.3453,2.781
4.827403,1.3778,0.5153,2.5572,2.950
4.831992,1.3548,0.4287,2.7283,3.076
4.836596,1.3013,0.2815,2.8394,3.136
4.845006,1.2250,0.1336,2.9195,3.169
4.847449,1.1098,-0.0058,2.9803,3.180
4.851156,0.9062,-0.1083,2.9816,3.118
4.858554,0.7101,-0.2026,2.8993,2.992
4.861086,0.5384,-0.3126,2.7863,2.855
4.865922,0.3666,-0.4309,2.6259,2.686
4.870603,0.1657,-0.4829,2.4372,2.490
4.875436,-0.0484,-0.4589,2.1487,2.198
4.880283,-0.2449,-0.3539,1.8584,1.908
4.885261,-0.4029,-0.1987,1.6164,1.678
4.890118,-0.4847,-0.0386,1.3154,1.402
4.894979,-0.5082,0.1194,1.1224,1.238
4.899751,-0.5029,0.2538,0.9706,1.122
4.904865,-0.4486,0.4030,0.8430,1.036
4.909301,-0.3437,0.5168,0.7157,0.947
4.914565,-0.1604,0.6454,0.5934,0.891
4.919102,0.0527,0.6718,0.4760,0.825
4.928803,0.2803,0.6946,0.3849,0.842
4.929339,0.4448,0.7068,0.3413,0.902
4.933537,0.5453,0.6634,0.3307,0.920
4.938203,0.5574,0.6482,0.3816,0.936
4.944772,0.5310,0.6057,0.5418,0.971
4.949614,0.5191,0.4878,0.7443,1.030
4.952873,0.4769,0.3103,1.0106,1.160
4.961033,0.3983,0.0797,1.2620,1.326
4.963412,0.3224,-0.1784,1.4892,1.534
4.967120,0.1873,-0.3548,1.7114,1.758
4.972229,0.0488,-0.5262,1.8308,1.906
4.977245,-0.0902,-0.6403,1.8284,1.939
4.982148,-0.1662,-0.7092,1.7619,1.907
4.986829,-0.1691,-0.7756,1.6002,1.786
4.991818,-0.1625,-0.8296,1.3961,1.632
4.996888,-0.1338,-0.8397,1.1233,1.409
5.001569,-0.0969,-0.8412,0.8511,1.201
5.006999,-0.0010,-0.8051,0.5866,0.996
5.011901,0.0918,-0.7835,0.3227,0.852
5.015944,0.1889,-0.7186,0.0592,0.745
5.020935,0.2810,-0.6768,-0.2518,0.775
5.028427,0.3301,-0.6481,-0.5792,0.930
5.034626,0.3813,-0.6414,-0.8945,1.165
5.035330,0.4366,-0.6346,-1.1404,1.376
5.054685,0.4744,-0.6131,-1.4007,1.601
5.055745,0.5115,-0.6051,-1.6708,1.849
5.056393,0.5168,-0.6010,-1.8908,2.050
5.056958,0.4998,-0.5743,-2.0466,2.184
5.059651,0.5201,-0.5444,-2.1238,2.253
5.064832,0.5344,-0.5042,-2.1177,2.242
5.069258,0.5234,-0.4280,-2.0141,2.125
5.074702,0.5134,-0.3670,-1.9228,2.024
5.080478,0.5260,-0.3072,-1.8532,1.951
5.083752,0.5369,-0.2805,-1.7432,1.845
5.088628,0.5385,-0.2681,-1.6189,1.727
5.093546,0.4487,-0.2536,-1.4923,1.579
5.098651,0.4037,-0.2591,-1.3443,1.427
5.103209,0.3719,-0.2636,-1.2082,1.291
5.108034,0.3675,-0.3200,-1.0959,1.199
5.113173,0.3904,-0.3570,-1.0145,1.144
5.117787,0.4288,-0.4010,-1.0070,1.166
5.124263,0.5043,-0.4497,-1.0613,1.258
5.129755,0.5740,-0.4934,-1.1845,1.406
5.132020,0.6098,-0.4551,-1.4053,1.598
5.139535,0.5735,-0.3870,-1.6233,1.765
5.141951,0.6494,-0.3367,-1.8265,1.968
5.147043,0.6679,-0.2675,-2.0700,2.191
5.151732,0.6197,-0.1648,-2.2870,2.375
5.160344,0.5498,-0.0545,-2.4273,2.489
5.166697,0.4843,-0.0272,-2.5054,2.552
5.167221,0.4490,-0.0346,-2.5239,2.564
5.171009,0.3885,-0.1341,-2.4685,2.502
5.182777,0.3242,-0.1824,-2.3702,2.399
5.183569,0.2489,-0.2011,-2.3034,2.325
5.185582,0.2492,-0.2744,-2.2151,2.246
5.190243,0.2653,-0.3593,-2.1581,2.204
5.197857,0.3117,-0.4604,-2.0917,2.164
5.200064,0.3840,-0.5587,-2.0301,2.140
5.204806,0.4032,-0.6061,-1.9854,2.115
5.209895,0.3840,-0.6028,-1.9408,2.068
5.214959,0.3697,-0.5558,-1.8844,1.999
5.219374,0.3605,-0.5301,-1.8114,1.921
5.224340,0.3972,-0.5041,-1.7289,1.844
5.229285,0.4368,-0.5068,-1.6274,1.760
5.233847,0.4554,-0.5215,-1.4901,1.643
5.244036,0.4646,-0.5675,-1.3290,1.518
5.244812,0.3687,-0.5854,-1.1227,1.319
5.248537,0.2824,-0.5874,-0.9284,1.134
5.253680,0.1845,-0.5882,-0.8058,1.015
5.270278,0.1206,-0.5500,-0.7333,0.925
5.271252,0.0769,-0.5279,-0.6559,0.845
5.271713,0.0295,-0.5244,-0.6237,0.815
5.273125,0.0480,-0.5323,-0.6510,0.842
5.277689,0.1231,-0.5371,-0.7402,0.923
5.282676,0.2022,-0.5119,-0.9080,1.062
5.287016,0.2278,-0.4751,-1.1233,1.241
5.292499,0.2975,-0.4260,-1.3169,1.416
5.297148,0.3629,-0.3662,-1.4937,1.580
5.301755,0.4069,-0.2831,-1.6491,1.722
5.306985,0.4242,-0.2215,-1.7688,1.832
5.312518,0.3238,-0.1957,-1.7238,1.765
5.316430,0.1772,-0.1578,-1.6099,1.627
5.321288,-0.0084,-0.1634,-1.3124,1.323
5.326087,-0.1637,-0.1654,-0.9199,0.949
5.337792,-0.3722,-0.1384,-0.5088,0.645
5.338626,-0.5957,-0.1907,-0.1124,0.635
5.343767,-0.7364,-0.2080,0.2955,0.820
5.350563,-0.8257,-0.2101,0.6865,1.094
5.351078,-0.8396,-0.2498,0.9841,1.317
5.355033,-0.8143,-0.2600,1.2146,1.485
5.360977,-0.7307,-0.2930,1.3686,1.579
5.364813,-0.5671,-0.2841,1.4652,1.597
5.369723,-0.3306,-0.2637,1.5188,1.577
5.375210,-0.1361,-0.1840,1.5819,1.598
5.379345,-0.0025,-0.0709,1.6379,1.639
5.384298,0.1804,0.0352,1.7225,1.732
5.389671,0.2863,0.1152,1.8356,1.861
5.393867,0.3659,0.1741,1.8936,1.937
5.398838,0.4484,0.2478,1.9276,1.995
5.404448,0.5342,0.2886,1.9471,2.040
5.408613,0.6572,0.2918,1.9784,2.105
5.413322,0.7530,0.2983,1.9641,2.125
5.420863,0.8627,0.2316,1.9975,2.188
5.423236,0.8787,0.1873,2.0449,2.234
5.428558,0.8756,0.1222,2.0516,2.234
5.432891,0.8083,0.0792,2.0006,2.159
5.437128,0.6531,0.0725,1.9329,2.042
5.442298,0.3571,0.1068,1.8388,1.876
5.447309,0.0493,0.1632,1.7567,1.765
5.451770,-0.2827,0.3133,1.6936,1.745
5.458963,-0.5703,0.4355,1.6424,1.792
5.469032,-0.7518,0.4918,1.5839,1.821
5.469677,-0.8354,0.4468,1.5683,1.832
5.485956,-0.8097,0.3415,1.6075,1.832
5.486921,-0.8113,0.1955,1.6225,1.825
5.487489,-0.7612,0.1166,1.6134,1.788
5.488044,-0.6685,0.1329,1.5658,1.708
5.491099,-0.5571,0.2109,1.6161,1.722
5.495621,-0.5396,0.3549,1.8191,1.930
5.500479,-0.5538,0.4592,2.0218,2.146
5.506100,-0.5498,0.4848,2.1956,2.315
5.510265,-0.5564,0.4840,2.3573,2.470
5.515244,-0.5571,0.4344,2.5382,2.635
5.520515,-0.5616,0.4024,2.6833,2.771
5.524872,-0.5339,0.3465,2.7378,2.811
5.529784,-0.5170,0.3116,2.7232,2.789
5.542669,-0.4773,0.2804,2.6064,2.665
5.550199,-0.4723,0.2792,2.3730,2.436
5.550951,-0.4565,0.2865,2.0997,2.168
5.551492,-0.3699,0.2648,1.7195,1.779
5.553808,-0.2199,0.1674,1.2732,1.303
5.565468,0.0028,0.0721,0.8370,0.840
5.566046,0.1811,-0.0410,0.4061,0.447
5.568424,0.2196,-0.1442,0.0209,0.264
5.573068,0.1427,-0.2152,-0.2757,0.378
5.578345,0.0462,-0.2414,-0.4026,0.472
5.583048,-0.0620,-0.2924,-0.3911,0.492
5.588432,-0.1624,-0.3254,-0.2581,0.446
5.592674,-0.2283,-0.3602,-0.0418,0.428
5.597316,-0.3144,-0.3571,0.2361,0.531
5.602480,-0.4033,-0.3674,0.4993,0.740
5.606969,-0.4823,-0.3254,0.7764,0.970
5.611726,-0.5365,-0.3014,0.9935,1.169
5.616813,-0.5085,-0.2750,1.1769,1.311
5.622697,-0.4340,-0.2873,1.2694,1.372
5.626569,-0.3302,-0.3244,1.2735,1.355
5.631365,-0.2571,-0.3480,1.2204,1.295
5.636329,-0.2508,-0.3005,1.0480,1.119
5.641053,-0.2848,-0.2317,0.7229,0.811
5.646021,-0.3018,-0.1337,0.3553,0.485
5.650922,-0.2754,-0.0322,-0.0477,0.281
5.658132,-0.2492,0.0877,-0.4024,0.481
5.662534,-0.2282,0.2360,-0.7519,0.820
5.665526,-0.2610,0.4086,-1.1082,1.210
5.670150,-0.1979,0.4097,-1.3039,1.381
5.676326,-0.1284,0.4025,-1.4946,1.553
5.680205,-0.1113,0.3654,-1.5225,1.570
5.685562,-0.1215,0.3365,-1.4666,1.510
5.689462,-0.1695,0.3105,-1.3940,1.438
5.694548,-0.2729,0.2726,-1.2305,1.290
5.699361,-0.4425,0.2318,-0.9763,1.097
5.705069,-0.6122,0.2282,-0.6240,0.904
5.709174,-0.8206,0.2041,-0.3341,0.909
5.713737,-0.9878,0.2186,-0.1040,1.017
5.718640,-1.1199,0.2352,0.1000,1.149
5.723710,-1.1607,0.2199,0.2946,1.218
5.728322,-1.1595,0.2058,0.4894,1.275
5.733135,-1.1297,0.1902,0.7132,1.349
5.746647,-1.0752,0.1871,0.8941,1.411
5.747374,-0.9682,0.1843,0.9392,1.361
5.747714,-0.7666,0.1938,0.8627,1.170
5.752435,-0.4904,0.2303,0.6648,0.858
5.757861,-0.1818,0.1846,0.3981,0.475
5.762109,0.1003,0.1464,0.0481,0.184
5.766944,0.3464,0.0885,-0.3755,0.518
5.771452,0.5401,0.0337,-0.8061,0.971
5.776792,0.6555,0.0622,-1.2938,1.452
5.781645,0.6855,0.0891,-1.7314,1.864
5.786516,0.6844,0.1222,-2.0495,2.164
5.791204,0.6566,0.1192,-2.2723,2.368
5.796547,0.5992,0.0804,-2.4287,2.503
5.800930,0.5836,0.0059,-2.4804,2.548
5.805656,0.5685,-0.0828,-2.4037,2.471
5.811008,0.4605,-0.1362,-2.2010,2.253
5.818681,0.3333,-0.1958,-1.9201,1.959
5.821041,0.1701,-0.2148,-1.6351,1.658
5.825273,0.0687,-0.2705,-1.3936,1.421
5.829423,-0.0021,-0.3134,-1.1980,1.238
5.836877,-0.0383,-0.4133,-0.8807,0.974
5.840001,-0.1003,-0.5135,-0.5183,0.736
5.844723,-0.1815,-0.5859,-0.1849,0.641
5.849358,-0.2341,-0.6501,0.0576,0.693
5.857359,-0.2269,-0.7163,0.2189,0.783
5.859713,-0.1955,-0.7539,0.3229,0.843
5.865982,-0.1610,-0.7247,0.3769,0.833
5.868866,-0.2188,-0.6170,0.3667,0.750
5.880033,-0.3443,-0.3925,0.2828,0.594
5.881057,-0.5208,-0.1320,0.1108,0.549
5.883486,-0.6673,0.1390,-0.0679,0.685
5.888390,-0.7154,0.3333,-0.2677,0.833
5.893117,-0.6211,0.4450,-0.3645,0.847
5.897835,-0.4570,0.4657,-0.5474,0.852
5.903394,-0.2211,0.5062,-0.6848,0.880
5.907464,-0.0236,0.5717,-0.6814,0.890
5.912586,0.1690,0.6910,-0.5422,0.894
5.917204,0.3354,0.8251,-0.2838,0.935
5.922047,0.5090,0.9162,0.0480,1.049
5.927079,0.6661,0.9107,0.4294,1.207
5.931460,0.8070,0.7960,0.7913,1.382
5.938048,0.9678,0.6071,1.1622,1.630
5.941925,1.0921,0.4149,1.4636,1.873
5.946538,1.1064,0.2760,1.6476,2.004
5.951374,1.0088,0.1516,1.7983,2.068
5.957159,0.8042,0.0844,1.8631,2.031
5.962580,0.5809,0.0403,1.8948,1.982
5.965914,0.3765,0.0050,1.8454,1.883
5.981956,0.1817,0.0070,1.6866,1.696
5.982626,0.0800,0.0106,1.4256,1.428
5.982863,0.0784,0.0567,1.1438,1.148
5.985061,0.1675,0.0695,0.8195,0.839
5.990001,0.2849,0.1122,0.3907,0.496
5.994866,0.3900,0.1642,-0.0543,0.427
5.999739,0.5188,0.2673,-0.4916,0.763
6.004378,0.7354,0.3557,-0.8951,1.212
6.009399,0.9745,0.3783,-1.1814,1.577
6.014286,1.2614,0.3553,-1.3293,1.867
6.019008,1.5238,0.2948,-1.3177,2.036
6.023747,1.7039,0.2711,-1.1636,2.081
6.028871,1.7973,0.2460,-0.9076,2.028
6.033499,1.7970,0.2336,-0.6049,1.910
6.053340,1.7083,0.1597,-0.3009,1.742
6.054200,1.5296,0.0238,0.0237,1.530
6.054543,1.2161,-0.1173,0.4120,1.289
6.054810,0.8260,-0.2432,0.8689,1.223
6.060788,0.4144,-0.3815,1.3658,1.477
6.062815,-0.0614,-0.4738,1.9291,1.987
6.067401,-0.5418,-0.5768,2.4609,2.585
6.072411,-0.9307,-0.6992,2.8729,3.100
6.076907,-1.1392,-0.8302,3.1366,3.439
6.081665,-1.2692,-0.8870,3.1903,3.546
6.087011,-1.3395,-0.9178,3.0987,3.498
6.091446,-1.2903,-0.9177,2.9193,3.321
6.096457,-1.1505,-0.8910,2.6068,2.985
6.101325,-0.9279,-0.8129,2.1802,2.505
6.106259,-0.6399,-0.7374,1.6732,1.937
6.111193,-0.3040,-0.6631,1.2219,1.423
6.115935,0.0530,-0.5410,0.7688,0.942
6.120599,0.3737,-0.4206,0.3137,0.644
6.125701,0.6511,-0.2843,-0.0859,0.716
6.130490,0.8872,-0.2176,-0.3561,0.980
6.139629,1.0146,-0.2129,-0.5020,1.152
6.140419,1.0615,-0.2077,-0.5714,1.223
6.149377,1.0058,-0.1638,-0.5646,1.165
6.149745,0.8738,-0.0986,-0.4720,0.998
6.154784,0.6752,0.0253,-0.3079,0.743
6.159688,0.4650,0.1210,-0.1035,0.491
6.164345,0.2505,0.1800,0.1819,0.358
6.169712,0.0558,0.2232,0.4121,0.472
6.174160,-0.0899,0.2042,0.5393,0.584
6.179101,-0.1789,0.1874,0.6044,0.658
6.184224,-0.2326,0.1294,0.6314,0.685
6.188728,-0.2483,0.1307,0.6250,0.685
6.193320,-0.2688,0.1100,0.5304,0.605
6.199726,-0.2175,0.1036,0.3597,0.433
6.203295,-0.1204,0.1262,0.1892,0.257
6.208018,0.0229,0.1351,-0.0430,0.144
6.212678,0.1480,0.1689,-0.2723,0.353
6.217692,0.2885,0.2374,-0.5061,0.629
6.222530,0.3851,0.3051,-0.7324,0.882
6.227271,0.4736,0.3533,-0.9774,1.142
6.232254,0.5448,0.3777,-1.2507,1.415
6.239280,0.6440,0.3644,-1.5404,1.709
6.244298,0.7212,0.3046,-1.8035,1.966
6.246628,0.8118,0.2706,-2.0472,2.219
6.255614,0.8634,0.2510,-2.2597,2.432
6.256978,0.8468,0.2292,-2.3956,2.551
6.261355,0.7879,0.2267,-2.4525,2.586
6.266941,0.7125,0.2290,-2.4187,2.532
6.270847,0.6251,0.2834,-2.3158,2.415
6.275942,0.5371,0.3460,-2.1342,2.228
6.280737,0.4267,0.3969,-1.8907,1.978
6.286058,0.3724,0.4398,-1.5830,1.685
6.290425,0.3023,0.4430,-1.2732,1.382
6.295125,0.2494,0.3937,-1.0259,1.127
6.299982,0.2113,0.3250,-0.8337,0.919
6.305103,0.1808,0.2535,-0.6870,0.754
6.309336,0.1554,0.2032,-0.6050,0.657
6.314659,0.1399,0.1526,-0.4990,0.540
6.319775,0.1679,0.0997,-0.4576,0.497
6.324186,0.2157,0.0639,-0.4567,0.509
6.329098,0.2623,0.0288,-0.4653,0.535
6.334213,0.3155,0.0185,-0.5382,0.624
6.339012,0.3590,0.0093,-0.6038,0.703
6.343719,0.4293,0.0158,-0.6883,0.811
6.357107,0.5101,0.0048,-0.7798,0.932
6.362829,0.5586,-0.0165,-0.8662,1.031
6.363384,0.5776,-0.0072,-0.9788,1.137
6.363862,0.5817,0.0160,-1.0816,1.228
6.383272,0.5257,0.0677,-1.1985,1.310
6.384170,0.4596,0.1145,-1.3176,1.400
6.384600,0.4049,0.1639,-1.4270,1.492
6.385078,0.4090,0.1806,-1.5339,1.598
6.387286,0.4621,0.1529,-1.6263,1.698
6.392239,0.5757,0.1077,-1.6734,1.773
6.400113,0.6154,0.0860,-1.6918,1.802
6.402871,0.6336,0.0592,-1.6339,1.753
6.406528,0.6824,0.0894,-1.5261,1.674
6.411081,0.6730,0.0809,-1.3277,1.491
6.416370,0.6265,0.0766,-1.0724,1.244
6.421452,0.4812,0.0786,-0.8366,0.968
6.426212,0.2445,0.1462,-0.5869,0.652
6.430980,-0.0140,0.2477,-0.3279,0.411
6.438827,-0.2323,0.2897,-0.0287,0.372
6.446579,-0.4205,0.2860,0.3323,0.607
6.447149,-0.5575,0.3154,0.6881,0.940
6.462670,-0.6696,0.3083,0.9909,1.235
6.463297,-0.6921,0.2429,1.2457,1.446
6.463675,-0.6776,0.1717,1.5409,1.692
6.464640,-0.6380,0.1470,1.7929,1.909
6.469656,-0.5896,0.1542,1.9706,2.063
6.474795,-0.5611,0.1762,2.1507,2.230
6.479210,-0.5355,0.2372,2.2925,2.366
6.484743,-0.4695,0.2868,2.3890,2.451
6.489238,-0.4147,0.3443,2.3684,2.429
6.493944,-0.2988,0.3647,2.2953,2.343
6.499050,-0.2002,0.3438,2.1794,2.215
6.503490,-0.1354,0.2774,2.0350,2.058
6.508436,-0.0615,0.1856,1.8525,1.863
6.513485,-0.0600,0.0907,1.6676,1.671
6.518906,-0.0930,-0.0042,1.5472,1.550
6.523051,-0.1730,-0.0533,1.4793,1.490
6.527862,-0.2997,-0.0974,1.5116,1.544
6.532619,-0.3680,-0.1106,1.6249,1.670
6.537941,-0.4589,-0.1393,1.7976,1.860
6.542466,-0.5266,-0.1099,1.9461,2.019
6.547202,-0.6379,-0.0471,2.0656,2.162
6.556326,-0.7446,0.0439,2.1038,2.232
6.557563,-0.8544,0.1534,2.0798,2.254
6.561752,-0.9199,0.2792,2.0201,2.237
6.567910,-0.9272,0.3901,1.9484,2.193
6.571467,-0.9101,0.5081,1.8673,2.139
6.577126,-0.9139,0.6285,1.7433,2.066
6.581017,-0.8670,0.7177,1.6195,1.972
6.586020,-0.6860,0.7832,1.5316,1.852
6.590979,-0.4123,0.7633,1.4509,1.690
6.595638,-0.1474,0.6947,1.3128,1.493
6.601389,0.0364,0.6859,1.1747,1.361
6.605597,0.1529,0.6824,1.0556,1.266
6.610227,0.1897,0.7229,1.0057,1.253
6.614898,0.2064,0.7764,1.0606,1.331
6.620400,0.1126,0.8066,1.1343,1.396
6.624664,0.0570,0.7748,1.3057,1.519
6.629595,-0.0245,0.7303,1.5389,1.704
6.638190,-0.0735,0.6792,1.8076,1.932
6.642532,-0.1566,0.5774,2.0547,2.140
6.644639,-0.2663,0.4696,2.2609,2.324
6.648984,-0.4285,0.3744,2.3979,2.464
6.655613,-0.6238,0.3368,2.4513,2.552
6.658452,-0.7752,0.2870,2.4140,2.552
6.663451,-0.8390,0.2488,2.2814,2.444
6.668375,-0.8216,0.2463,2.0321,2.206
6.673052,-0.7752,0.2080,1.6925,1.873
6.678060,-0.7015,0.1965,1.2889,1.480
6.682968,-0.6101,0.2197,0.8882,1.100
6.688434,-0.5515,0.3115,0.4449,0.774
6.692713,-0.4542,0.3888,0.0332,0.599
6.697308,-0.3832,0.4401,-0.3660,0.689
6.702191,-0.2694,0.4753,-0.7410,0.921
6.707309,-0.1423,0.4877,-1.0869,1.200
6.711822,-0.0426,0.4637,-1.4661,1.538
6.716913,0.0267,0.3989,-1.8042,1.848
6.724990,0.0246,0.3133,-2.0873,2.111
6.726725,-0.0445,0.2480,-2.2579,2.272
6.730934,-0.2479,0.2459,-2.3712,2.397
6.737209,-0.4472,0.2519,-2.3556,2.411
6.741396,-0.6880,0.2866,-2.1967,2.320
6.745785,-0.9178,0.3228,-1.9926,2.217
6.753787,-1.1028,0.3785,-1.7744,2.123
6.762724,-1.2499,0.3860,-1.6353,2.094
6.763358,-1.3065,0.3569,-1.5488,2.057
6.777380,-1.3394,0.2984,-1.4981,2.032
6.777895,-1.3515,0.2752,-1.4881,2.029
6.781394,-1.3524,0.2659,-1.4206,1.979
6.781660,-1.2777,0.3039,-1.3603,1.891
6.784505,-1.1844,0.3365,-1.2808,1.777
6.789236,-1.0439,0.3607,-1.1129,1.568
6.793968,-0.8610,0.3951,-0.8997,1.307
6.798790,-0.7575,0.4319,-0.7177,1.129
6.803801,-0.6803,0.5089,-0.7054,1.104
6.808544,-0.6412,0.5807,-0.6786,1.099
6.813604,-0.6242,0.6615,-0.6301,1.106
6.818558,-0.6294,0.7181,-0.6199,1.138
6.823525,-0.6429,0.7292,-0.6883,1.191
6.828072,-0.5406,0.6953,-0.7638,1.166
6.837314,-0.4782,0.6385,-0.8247,1.147
6.838169,-0.4155,0.5734,-0.7996,1.068
6.843152,-0.3424,0.5097,-0.7385,0.960
6.847424,-0.2774,0.4690,-0.7014,0.888
6.852593,-0.2295,0.4728,-0.6667,0.849
6.857424,-0.1796,0.4207,-0.5100,0.685
6.861985,-0.1636,0.3750,-0.3057,0.511
6.867047,-0.1483,0.2903,-0.1136,0.345
6.872636,-0.1025,0.1860,0.0545,0.219
6.876629,0.0310,0.0312,0.2152,0.220
6.881658,0.1831,-0.1356,0.3948,0.456
6.886510,0.2489,-0.2737,0.5671,0.677
6.891572,0.2860,-0.3760,0.7487,0.885
6.896401,0.3450,-0.4739,0.9661,1.130
6.900922,0.3542,-0.5273,1.2000,1.358
6.905723,0.3596,-0.5008,1.4409,1.567
6.910956,0.3615,-0.4216,1.6649,1.755
6.916976,0.3012,-0.3044,1.7742,1.825
6.920537,0.2101,-0.1424,1.8383,1.856
6.925179,0.0977,0.0334,1.8213,1.824
6.930580,0.0444,0.1875,1.7544,1.765
6.934908,0.0635,0.2083,1.6544,1.669
6.939857,0.1465,0.0919,1.4997,1.510
6.944378,0.2044,-0.0313,1.2640,1.281
6.952609,0.2659,-0.1342,1.0143,1.057
6.958588,0.3069,-0.1805,0.8102,0.885
6.963494,0.3079,-0.2557,0.6779,0.787
6.964042,0.2952,-0.2588,0.6817,0.787
6.974353,0.2497,-0.2520,0.6590,0.748
6.974872,0.1411,-0.2067,0.7006,0.744
6.978430,0.1132,-0.1759,0.8686,0.893
6.983175,0.1067,-0.1652,1.1461,1.163
6.988071,0.1366,-0.1466,1.3803,1.395
6.992843,0.1917,-0.1995,1.6093,1.633
6.997990,0.2506,-0.2937,1.8096,1.850
7.002798,0.3447,-0.3437,1.9858,2.045
7.007369,0.4167,-0.3478,2.1096,2.178
7.012429,0.5002,-0.2776,2.1235,2.199
7.017223,0.5550,-0.2002,2.0159,2.100
7.021958,0.6863,-0.1013,1.7869,1.917
7.027052,0.8821,0.0344,1.3960,1.652
7.036319,1.1545,0.0978,0.9245,1.482
7.037055,1.4842,0.1338,0.3794,1.538
7.041564,1.8233,0.2129,-0.1914,1.846
7.046256,2.0830,0.2722,-0.7262,2.223
7.062087,2.2645,0.2747,-1.0076,2.494
7.063135,2.3903,0.2359,-1.2297,2.698
7.063545,2.4571,0.1612,-1.3641,2.815
7.065538,2.4658,0.0728,-1.2389,2.760
7.070659,2.3243,-0.0174,-0.9525,2.512
7.075366,2.1327,-0.1122,-0.6030,2.219
7.080020,1.8027,-0.2605,-0.0779,1.823
7.085680,1.4238,-0.4090,0.5869,1.593
7.089901,1.0038,-0.6122,1.3343,1.778
7.094888,0.5577,-0.8241,2.0855,2.311
7.099572,0.1434,-1.0202,2.7428,2.930
7.104368,-0.2977,-1.1735,3.2253,3.445
7.109213,-0.5972,-1.3494,3.5643,3.858
7.114157,-0.8527,-1.4864,3.7839,4.154
7.118991,-1.0325,-1.5277,3.9465,4.356
7.123673,-1.0982,-1.5477,3.9446,4.377
7.128647,-1.0372,-1.4528,3.7664,4.168
7.135425,-0.8633,-1.3312,3.3954,3.748
7.138594,-0.6051,-1.1103,2.8985,3.162
7.143240,-0.2962,-0.9206,2.3238,2.517
7.153088,0.0464,-0.6891,1.7116,1.846
7.153735,0.3625,-0.4626,1.1099,1.256
7.157780,0.6305,-0.2686,0.5209,0.861
7.168065,0.8572,-0.1038,-0.0102,0.864
7.168808,1.0136,0.0109,-0.4188,1.097
7.172414,1.1277,0.0810,-0.6910,1.325
7.176958,1.1006,0.0994,-0.8699,1.406
7.182526,0.9218,0.1260,-0.9341,1.318
7.186973,0.6363,0.1914,-0.9006,1.119
7.191649,0.3198,0.2470,-0.8195,0.914
7.197034,0.0655,0.2394,-0.7005,0.743
7.201378,-0.1442,0.2109,-0.5459,0.603
7.206230,-0.3552,0.1011,-0.2960,0.473
7.211108,-0.6014,0.0336,-0.0106,0.602
7.215873,-0.7776,0.0190,0.2983,0.833
7.220641,-0.8689,0.0445,0.5998,1.057
7.225457,-0.8461,0.0563,0.8676,1.213
7.232351,-0.7752,0.0611,1.0636,1.318
7.235138,-0.6676,0.0346,1.1641,1.342
7.239996,-0.4744,0.0297,1.1071,1.205
7.245025,-0.2164,0.0348,0.9310,0.956
7.250525,0.0309,0.0556,0.6765,0.679
7.254732,0.2563,0.1001,0.3486,0.444
7.259488,0.4245,0.1336,-0.0385,0.447
7.269208,0.5332,0.1742,-0.4130,0.697
7.270182,0.5540,0.1845,-0.7798,0.974
7.274576,0.5346,0.2039,-1.1031,1.243
7.279075,0.4534,0.2208,-1.3497,1.441
7.295053,0.3295,0.2427,-1.5196,1.574
7.296002,0.2557,0.2361,-1.5818,1.620
7.296517,0.1908,0.2413,-1.5796,1.609
7.298027,0.1248,0.2629,-1.4770,1.505
7.303287,0.0763,0.2667,-1.3508,1.379
7.307972,0.0496,0.2618,-1.2128,1.242
7.312001,0.1085,0.2671,-1.0273,1.067
7.317853,0.1353,0.2843,-0.8252,0.883
7.322525,0.1703,0.3131,-0.6354,0.729
7.327512,0.1847,0.3389,-0.4913,0.625
7.334771,0.2310,0.3711,-0.3879,0.584
7.336879,0.2492,0.3689,-0.2799,0.526
7.341842,0.2560,0.3895,-0.1362,0.486
7.347000,0.2705,0.4017,0.0145,0.484
7.360496,0.3214,0.4290,0.1555,0.558
7.361309,0.3567,0.4139,0.2414,0.597
7.361569,0.4099,0.4399,0.3082,0.676
7.371434,0.4790,0.4472,0.3343,0.736
7.372144,0.5115,0.4550,0.3654,0.776
7.375780,0.5029,0.4969,0.3702,0.798
7.380459,0.5202,0.5060,0.3298,0.797
7.385413,0.5110,0.5235,0.2274,0.766
7.390456,0.5544,0.5116,0.1228,0.764
7.394987,0.5523,0.5042,0.0159,0.748
7.400124,0.5695,0.4926,-0.1266,0.764
7.405100,0.5797,0.4869,-0.2762,0.806
7.412991,0.5686,0.5017,-0.3421,0.832
7.415781,0.5576,0.4944,-0.3936,0.843
7.419448,0.5256,0.5413,-0.3831,0.846
7.424424,0.5012,0.5420,-0.3536,0.819
7.429588,0.4921,0.5463,-0.3075,0.797
7.433960,0.4885,0.5565,-0.1898,0.764
7.438869,0.4760,0.5341,-0.0962,0.722
7.443625,0.4453,0.5270,-0.0315,0.691
7.451040,0.4084,0.5348,0.0284,0.674
7.453166,0.4133,0.5453,0.1360,0.698
7.458042,0.4191,0.5366,0.2459,0.724
7.463114,0.3945,0.5444,0.4226,0.794
7.469407,0.3610,0.5324,0.5370,0.838
7.472660,0.3564,0.4959,0.6179,0.869
7.477670,0.4185,0.4035,0.6964,0.907
7.483046,0.4918,0.3248,0.7725,0.972
7.487183,0.5827,0.2144,0.8484,1.051
7.492106,0.6480,0.1631,0.9506,1.162
7.497713,0.6706,0.0870,1.0479,1.247
7.503461,0.6796,0.0169,1.1739,1.356
7.506695,0.6871,-0.0807,1.2519,1.430
7.511300,0.6673,-0.1723,1.3300,1.498
7.516241,0.6018,-0.2223,1.3842,1.526
7.521485,0.4915,-0.2833,1.3430,1.458
7.525811,0.3488,-0.2452,1.2350,1.307
7.531134,0.2053,-0.2061,1.1203,1.157
7.535821,0.0633,-0.2036,0.9508,0.974
7.540577,-0.1247,-0.1511,0.6765,0.704
7.545219,-0.3204,-0.0840,0.3668,0.494
7.550206,-0.4763,-0.0353,0.1028,0.489
7.555043,-0.5832,0.0001,-0.0797,0.589
7.559767,-0.6128,-0.0159,-0.2429,0.659
7.567966,-0.6011,-0.0686,-0.4036,0.727
7.572801,-0.5747,-0.1337,-0.6026,0.843
7.574431,-0.5268,-0.2059,-0.7537,0.942
7.579262,-0.4941,-0.2605,-0.8430,1.011
7.585381,-0.4672,-0.2902,-0.9516,1.099
7.588999,-0.4438,-0.2995,-1.0964,1.220
7.593926,-0.3528,-0.3550,-1.0695,1.181
7.598639,-0.2331,-0.4423,-0.9547,1.078
7.603406,-0.0995,-0.6234,-0.7593,0.987
7.608332,0.0478,-0.7957,-0.5527,0.970
7.614059,0.1684,-0.9836,-0.2033,1.018
7.618235,0.2554,-1.0995,0.2266,1.151
7.623030,0.2665,-1.1829,0.6702,1.385
7.628167,0.2140,-1.2205,1.1133,1.666
7.632697,0.0167,-1.2352,1.6564,2.066
7.637608,-0.1742,-1.1737,2.2015,2.501
7.642120,-0.3052,-1.1308,2.5792,2.833
7.661708,-0.3341,-1.0787,2.7968,3.016
7.662430,-0.2838,-1.0850,2.8259,3.040
7.662664,-0.1963,-1.1325,2.6524,2.891
7.662870,-0.1097,-1.1484,2.2119,2.495
7.666604,-0.0505,-1.1502,1.6312,1.997
7.671176,-0.0408,-1.0714,0.9774,1.451
7.678174,-0.0504,-0.9797,0.3529,1.043
7.680898,-0.0343,-0.8594,-0.1850,0.880
7.685810,0.0545,-0.7502,-0.5814,0.951
7.690832,0.0961,-0.6850,-0.8678,1.110
7.697694,0.1094,-0.6351,-0.9701,1.165
7.700270,0.0773,-0.6319,-0.9340,1.130
7.705143,-0.0408,-0.6111,-0.8456,1.044
7.710169,-0.1853,-0.5878,-0.6667,0.908
7.715200,-0.3758,-0.5366,-0.4141,0.775
7.719670,-0.5838,-0.4944,-0.0758,0.769
7.725242,-0.7903,-0.4907,0.2335,0.959
7.729950,-0.9523,-0.4882,0.5353,1.197
7.734436,-1.0795,-0.5496,0.7963,1.450
7.739305,-1.1670,-0.5918,0.9950,1.644
7.743836,-1.2481,-0.6560,1.1291,1.806
7.748958,-1.2392,-0.6922,1.2083,1.864
7.753902,-1.1762,-0.7124,1.2303,1.845
7.759186,-1.0735,-0.7570,1.1640,1.755
7.766305,-0.9261,-0.7707,1.0119,1.573
7.768556,-0.7459,-0.7506,0.8530,1.359
7.777635,-0.5900,-0.7128,0.6728,1.144
7.778212,-0.4413,-0.6616,0.4691,0.923
7.791820,-0.2874,-0.6110,0.2704,0.727
7.792365,-0.1594,-0.5511,0.0482,0.576
7.792615,-0.0496,-0.5031,-0.0806,0.512
7.797346,0.0153,-0.4383,-0.2045,0.484
7.802074,0.0641,-0.4021,-0.2827,0.496
7.806938,0.0656,-0.3564,-0.3298,0.490
7.813167,0.1012,-0.3560,-0.4342,0.571
7.816564,0.0944,-0.3553,-0.5552,0.666
7.821443,0.1001,-0.3758,-0.6355,0.745
7.828704,0.1157,-0.3936,-0.7060,0.817
7.831298,0.1343,-0.4085,-0.7933,0.902
7.836116,0.1246,-0.4180,-0.8853,0.987
7.840876,0.1057,-0.4101,-0.9604,1.050
7.849259,0.0847,-0.4157,-0.9973,1.084
7.854537,0.0688,-0.3704,-1.0127,1.080
7.855511,0.0554,-0.3294,-0.9827,1.038
7.860371,0.0566,-0.2928,-0.9432,0.989
7.868096,0.0626,-0.2847,-0.9252,0.970
7.870227,0.0874,-0.2693,-0.8834,0.928
7.874938,0.1235,-0.2801,-0.8489,0.902
7.879562,0.1254,-0.2405,-0.8431,0.886
7.884747,0.1264,-0.1889,-0.8636,0.893
7.889363,0.0952,-0.1493,-0.8387,0.857
7.893990,0.0700,-0.0980,-0.8162,0.825
7.899286,0.0338,-0.0972,-0.7412,0.748
7.903931,-0.0160,-0.1015,-0.6830,0.691
7.908936,-0.0578,-0.1013,-0.6369,0.647
7.914236,-0.1250,-0.1303,-0.6219,0.648
7.918540,-0.1674,-0.1311,-0.5638,0.603
7.923239,-0.1826,-0.1325,-0.5154,0.563
7.929394,-0.2156,-0.1298,-0.5100,0.569
7.933552,-0.2495,-0.0990,-0.5284,0.593
7.937621,-0.2340,-0.0831,-0.5444,0.598
7.942875,-0.2118,-0.0436,-0.6368,0.672
7.947833,-0.1490,-0.0137,-0.7195,0.735
7.952375,-0.1004,0.0166,-0.8069,0.813
7.957427,-0.0752,0.0285,-0.8847,0.888
7.965422,-0.0828,0.0914,-0.9672,0.975
7.970079,-0.0603,0.1312,-0.9874,0.998
7.971849,-0.0197,0.1552,-1.0102,1.022
7.980044,0.0606,0.1276,-1.0234,1.033
7.981603,0.0992,0.1156,-1.0103,1.022
7.986654,0.0721,0.0831,-0.9687,0.975
7.990920,0.0465,0.1017,-0.9153,0.922
7.995972,0.0148,0.0852,-0.7926,0.797
8.003744,-0.0208,0.0977,-0.6654,0.673
8.005844,-0.0773,0.1080,-0.5670,0.582
8.009918,-0.0759,0.0869,-0.4496,0.464
8.015731,-0.0599,0.0655,-0.3872,0.397
8.020109,-0.0510,0.0604,-0.3393,0.348
8.024931,-0.0947,0.0717,-0.3392,0.359
8.029779,-0.1170,0.1233,-0.3271,0.369
8.034578,-0.1440,0.1267,-0.2815,0.341
8.039269,-0.1472,0.1871,-0.2551,0.349
8.047413,-0.1812,0.1991,-0.2478,0.366
8.049749,-0.2076,0.2127,-0.2452,0.385
8.054112,-0.2220,0.2401,-0.3024,0.445
8.059044,-0.1932,0.2695,-0.3451,0.479
8.063852,-0.1505,0.2701,-0.4021,0.507
8.068604,-0.1395,0.3045,-0.4662,0.574
8.073453,-0.1532,0.3443,-0.5016,0.627
8.078828,-0.1821,0.3656,-0.4868,0.635
8.083234,-0.1880,0.3540,-0.4362,0.592
8.088107,-0.1565,0.3477,-0.3236,0.500
8.092727,-0.1307,0.3320,-0.2446,0.433
8.097718,-0.0963,0.3092,-0.0796,0.334
8.103069,-0.0773,0.2839,0.0899,0.308
8.107382,-0.0973,0.2820,0.2139,0.367
8.112255,-0.0989,0.2726,0.3162,0.429
8.117309,-0.1298,0.2054,0.4281,0.492
8.121933,-0.1446,0.1763,0.5278,0.575
8.126983,-0.1837,0.1325,0.6442,0.683
8.131730,-0.1513,0.0790,0.7366,0.756
8.136495,-0.1808,0.0253,0.8050,0.825
8.141463,-0.1812,0.0002,0.8614,0.880
8.147776,-0.2164,-0.0396,0.9058,0.932
8.152193,-0.2624,-0.0627,0.9119,0.951
8.155830,-0.2137,-0.1074,0.9562,0.986
8.164077,-0.0846,-0.1618,0.9646,0.982
8.165613,0.0534,-0.1948,0.9587,0.980
8.169995,0.1240,-0.1683,0.9432,0.966
8.177959,0.1700,-0.1970,0.9038,0.940
8.184789,0.1557,-0.2258,0.8883,0.930
8.185428,0.1379,-0.2884,0.9349,0.988
8.189877,0.0854,-0.3014,1.0127,1.060
8.194839,0.0366,-0.3060,1.0999,1.142
8.199726,-0.0252,-0.3099,1.1322,1.174
8.204453,-0.0951,-0.3424,1.1454,1.199
8.209024,-0.1492,-0.3772,1.1349,1.205
8.214053,-0.1782,-0.3738,1.0768,1.154
8.219217,-0.1653,-0.3774,0.8971,0.987
8.226528,-0.1230,-0.3543,0.7106,0.803
8.228856,-0.0586,-0.3228,0.5005,0.598
8.233747,0.0246,-0.2945,0.3028,0.423
8.238308,0.0806,-0.2758,0.1436,0.321
8.244627,0.1324,-0.2358,-0.0153,0.271
8.248618,0.1685,-0.2047,-0.1847,0.323
8.252791,0.2055,-0.1513,-0.2200,0.337
8.257735,0.2646,-0.1088,-0.1577,0.327
8.264204,0.3244,-0.1011,-0.0628,0.346
8.270578,0.3783,-0.1160,0.0075,0.396
8.272037,0.4460,-0.1178,0.0130,0.461
8.286099,0.5367,-0.1869,-0.0219,0.569
8.286934,0.6121,-0.2986,-0.0330,0.682
8.287192,0.6528,-0.4259,-0.0229,0.780
8.291419,0.6298,-0.5183,0.0035,0.816
8.296379,0.5765,-0.6138,0.0887,0.847
8.301214,0.5076,-0.6910,0.1397,0.869
8.306026,0.4136,-0.7955,0.2280,0.925
8.310833,0.3017,-0.9036,0.4150,1.039
8.315919,0.2104,-1.0136,0.6762,1.236
8.320638,0.1539,-1.1167,0.9234,1.457
8.325243,0.0680,-1.1665,1.1614,1.647
8.330135,0.0031,-1.2093,1.4212,1.866
8.335794,-0.0485,-1.2264,1.7293,2.121
8.339905,-0.0312,-1.2771,1.9989,2.372
8.347091,-0.0021,-1.3169,2.1801,2.547
8.355346,0.0539,-1.3226,2.2944,2.649
8.355830,0.1012,-1.3278,2.2989,2.657
8.364748,0.1787,-1.3063,2.1771,2.545
8.365572,0.2052,-1.3006,1.9218,2.330
8.369044,0.2214,-1.2739,1.5499,2.018
8.373854,0.2151,-1.2130,1.1858,1.710
8.379225,0.1884,-1.1479,0.8270,1.427
8.387812,0.1578,-1.0873,0.4591,1.191
8.388459,0.1282,-1.0330,0.1465,1.051
8.394095,0.1045,-1.0059,-0.1228,1.019
8.398112,0.0870,-0.9604,-0.3130,1.014
8.403039,0.0371,-0.9419,-0.3765,1.015
8.407911,-0.0404,-0.9624,-0.3683,1.031
8.413134,-0.1215,-0.9887,-0.3052,1.042
8.417481,-0.1636,-1.0738,-0.1994,1.104
8.425274,-0.2361,-1.1893,-0.1104,1.218
8.427910,-0.2957,-1.2304,-0.0884,1.269
8.432170,-0.3828,-1.2905,-0.1358,1.353
8.437043,-0.4041,-1.3265,-0.1880,1.399
8.441567,-0.4127,-1.3216,-0.2186,1.402
8.446562,-0.4066,-1.3571,-0.2395,1.437
8.451708,-0.3331,-1.3250,-0.3060,1.400
8.456158,-0.2308,-1.2972,-0.3914,1.374
8.463294,-0.1119,-1.2901,-0.4410,1.368
8.467966,0.0111,-1.2872,-0.4117,1.351
8.470900,0.1616,-1.3029,-0.3490,1.359
8.479212,0.3274,-1.2706,-0.3031,1.347
8.480701,0.4702,-1.2575,-0.2549,1.367
8.485433,0.5897,-1.2325,-0.2282,1.385
8.493470,0.6691,-1.2077,-0.2040,1.396
8.495171,0.7032,-1.1851,-0.2180,1.395
8.499808,0.7135,-1.1290,-0.2799,1.365
8.504644,0.6952,-1.0748,-0.3656,1.331
8.509972,0.6531,-1.0485,-0.3891,1.295
8.514444,0.5818,-1.0213,-0.3099,1.216
8.519205,0.4980,-1.0530,-0.1592,1.176
8.524234,0.4327,-1.0672,0.1012,1.156
8.529195,0.4099,-1.1173,0.4306,1.266
8.533874,0.4500,-1.1753,0.7430,1.461
8.538802,0.5113,-1.2346,1.0193,1.681
8.546063,0.5286,-1.3174,1.2859,1.915
8.552816,0.4555,-1.3499,1.4496,2.033
8.553351,0.3042,-1.3637,1.7663,2.252
8.557946,0.2413,-1.4395,1.8365,2.346
8.564059,0.8483,-2.1601,-0.9447,2.506
8.567922,0.5734,-2.2502,0.0368,2.322
8.572392,0.0496,-2.0765,1.3156,2.459
8.577198,-0.1446,-1.7503,1.6513,2.411
8.582578,-0.0375,-1.4468,1.0475,1.787
8.587986,-0.0818,-1.3146,0.4589,1.395
8.593139,-0.1199,-1.3125,0.1889,1.331
8.597182,-0.0862,-1.4427,0.0389,1.446
8.601598,0.0559,-1.5732,0.0182,1.574
8.608868,0.1950,-1.6460,-0.2031,1.670
8.611548,0.2855,-1.5939,-0.5125,1.698
8.616150,0.2487,-1.4572,-0.8455,1.703
8.623603,0.1519,-1.2786,-1.1256,1.710
8.626178,0.0261,-1.1201,-1.2764,1.698
8.630969,0.0224,-0.9849,-1.6900,1.956
8.635510,0.2916,-0.8482,-2.8440,2.982
8.642887,0.5246,-0.6254,-1.9008,2.069
8.645282,0.7527,-0.5882,-1.5156,1.792
8.649649,0.9379,-0.5770,-1.1857,1.618
8.655070,1.0481,-0.6301,-0.9997,1.580
8.662812,1.1951,-0.6617,-0.8306,1.599
8.670640,1.4446,-0.6578,-0.9031,1.826
8.671286,1.6283,-0.6207,-1.0974,2.059
8.674466,1.6300,-0.5791,-1.2530,2.136
8.686490,1.4384,-0.5257,-1.2388,1.970
8.687088,1.2030,-0.4195,-1.1837,1.739
8.688856,0.7042,-0.2068,-2.2296,2.347
8.693330,0.7183,-0.0651,-1.3834,1.560
8.698808,0.6944,-0.0605,-0.1626,0.716
8.703439,0.5578,-0.1920,0.0294,0.591
8.707993,0.1031,-0.3578,-0.1987,0.422
8.713339,-0.4228,-0.7757,-0.2394,0.915
8.717956,-0.5725,-1.3783,-0.1145,1.497
8.723172,-0.5323,-1.7225,-0.0491,1.804
8.727825,-0.4809,-1.9659,0.0452,2.024
8.732462,-0.3170,-2.2752,0.0221,2.297
8.740308,-0.6833,-1.6621,0.1134,1.801
8.745727,-1.0626,-1.0280,0.1369,1.485
8.752197,-1.3359,-0.5282,0.1617,1.446
8.752634,-1.5170,-0.0959,0.1331,1.526
8.756783,-1.5813,0.1870,0.1324,1.598
8.764205,-1.5075,0.3512,0.3197,1.581
8.766423,-1.3153,0.3434,0.6279,1.497
8.771213,-1.0909,0.2970,0.9041,1.448
8.776143,-0.9134,0.2832,1.1412,1.489
8.780984,-0.5638,0.0864,1.3108,1.430
8.785823,-0.2269,-0.1141,1.2844,1.309
8.793571,-0.0608,-0.3512,1.0719,1.130
8.795457,-0.0064,-0.5645,0.8362,1.009
8.800613,0.2364,-1.0359,0.6635,1.253
8.805103,0.2874,-1.2462,0.7522,1.484
8.809381,0.0499,-1.3027,0.5714,1.423
8.815054,0.4174,-1.5726,0.5323,1.712
8.819713,0.7216,-1.7303,0.5151,1.944
8.825403,0.9919,-1.7158,0.5462,2.056
8.828683,1.2300,-1.7662,0.4296,2.195
8.834287,1.4753,-1.6871,0.3615,2.270
8.839069,1.6243,-1.5641,0.2413,2.268
8.843858,1.7034,-1.3752,0.1337,2.193
8.848927,1.6956,-1.2636,0.1054,2.117
8.853516,1.9041,-1.6234,-0.0825,2.504
8.862156,2.1521,-1.9641,-0.1933,2.920
8.863881,2.1211,-1.8299,-0.1340,2.804
8.868669,1.7592,-1.5219,0.0426,2.327
8.873153,1.2996,-1.2026,0.1761,1.779
8.880083,0.9205,-0.9600,0.1375,1.337
8.882427,0.7251,-0.6908,0.2397,1.030
8.887270,0.5550,-0.4979,0.1601,0.763
8.892513,0.4049,-0.3261,-0.0342,0.521
8.896928,0.1640,-0.1198,-0.1616,0.260
8.901850,0.0060,0.0923,-0.3084,0.322
8.907828,-0.2074,0.3393,-0.3384,0.522
8.911587,-0.5232,0.6358,-0.3788,0.906
8.916591,-0.9665,0.9416,-0.5325,1.451
8.921707,-1.4216,1.3839,-0.6730,2.095
8.926258,-1.6753,1.5851,-0.9964,2.512
8.931077,-1.5159,1.2843,-1.3993,2.430
8.936056,-1.1464,0.7054,-1.5181,2.029
8.944554,-0.7828,0.0315,-1.2885,1.508
8.950228,-0.4259,-0.5430,-0.6271,0.932
8.950848,-0.1184,-0.8886,0.1793,0.914
8.955457,-0.0363,-0.9717,0.8081,1.264
8.961287,0.4586,-1.0283,1.3984,1.795
8.965151,0.5858,-0.9230,1.5921,1.931
8.969239,0.6579,-0.8094,1.7149,2.007
8.974903,0.6283,-0.7635,1.5160,1.810
8.979725,0.5836,-0.7318,1.2347,1.549
8.984386,0.5856,-0.7442,0.9689,1.355
8.989227,0.5814,-0.7036,0.6561,1.124
8.999936,0.5216,-0.6845,0.1909,0.882
9.000888,0.1271,-0.5237,-2.7018,2.755
9.003989,-0.4595,-0.0607,-4.1437,4.170
9.008631,-0.4127,-0.0527,-1.8192,1.866
9.013519,-0.1376,-0.3195,-0.1711,0.388
9.018114,0.0107,-0.3755,0.4221,0.565
9.024602,0.0333,-0.3902,0.2827,0.483
9.028378,0.1381,-0.5282,0.5881,0.802
9.032946,0.1200,-0.6044,1.0513,1.219
9.037796,0.0025,-0.5428,1.4640,1.561
9.042540,-0.1719,-0.3671,1.4893,1.544
9.047542,-0.4793,-0.1742,1.0009,1.123
9.052593,-0.6711,-0.1392,0.2523,0.730
9.062955,-0.7554,-0.1601,-0.2426,0.809
9.063577,-0.6954,-0.2570,-0.5634,0.931
